DEBUG 1: Default Config File: /d1/personal/johnhg/MET/MET_development/met-12.2.0/rc1/MET-feature_3174_orography/internal/test_unit/../../share/met/config/EnsembleStatConfig_default
DEBUG 1: User Config File: /d1/personal/johnhg/MET/MET_development/met-12.2.0/rc1/MET-feature_3174_orography/internal/test_unit/config/EnsembleStatConfig_LAPSE_RATE_MSL_AGL
DEBUG 4: VarInfoFactory::new_var_info() -> created new VarInfo object of type "FileType_Gb1".
DEBUG 4: VarInfoFactory::new_var_info() -> created new VarInfo object of type "FileType_Gb1".
DEBUG 4: VarInfoFactory::new_var_info() -> created new VarInfo object of type "FileType_Gb1".
DEBUG 5: Parsed forecast field:
DEBUG 5: Parsed observation field:
DEBUG 4: ClimoCDFInfo::set_cdf_ta() -> For "cdf_bins" (10) and "center_bins" (false), defined climatology CDF thresholds: >=0.00000,>=0.10000,>=0.20000,>=0.30000,>=0.40000,>=0.50000,>=0.60000,>=0.70000,>=0.80000,>=0.90000,>=1.00000
DEBUG 3: Observation error for point verification is defined by a table lookup for each observation.
DEBUG 4: parse_conf_sid_list() -> Station ID "sid_inc" list contains 0 entries.
DEBUG 4: parse_conf_sid_list() -> Station ID "sid_exc" list contains 0 entries.
DEBUG 1: Ensemble Files[6]:
DEBUG 1:    /d1/projects/MET/MET_test_data/unit_test/model_data/grib1/arw-fer-gep1/arw-fer-gep1_2012040912_F012.grib
DEBUG 1:    /d1/projects/MET/MET_test_data/unit_test/model_data/grib1/arw-fer-gep5/arw-fer-gep5_2012040912_F012.grib
DEBUG 1:    /d1/projects/MET/MET_test_data/unit_test/model_data/grib1/arw-sch-gep2/arw-sch-gep2_2012040912_F012.grib
DEBUG 1:    /d1/projects/MET/MET_test_data/unit_test/model_data/grib1/arw-sch-gep6/arw-sch-gep6_2012040912_F012.grib
DEBUG 1:    /d1/projects/MET/MET_test_data/unit_test/model_data/grib1/arw-tom-gep3/arw-tom-gep3_2012040912_F012.grib
DEBUG 1:    /d1/projects/MET/MET_test_data/unit_test/model_data/grib1/arw-tom-gep7/arw-tom-gep7_2012040912_F012.grib
DEBUG 1: Ensemble Control: None
DEBUG 1: process_command_line() -> Point Observation Files[1]:
DEBUG 1:    /d1/personal/johnhg/MET/MET_development/met-12.2.0/rc1/MET-feature_3174_orography/internal/test_unit/../../test_output/pb2nc/gdas1.20120409.t12z.prepbufr.nc
WARNING: 
WARNING: process_command_line() -> cannot open input ensemble file: /d1/projects/MET/MET_test_data/unit_test/model_data/grib1/arw-tom-gep3/arw-tom-gep3_2012040912_F012.grib
WARNING: 
DEBUG 4: Met2dDataFileFactory::new_met_2d_data_file() -> created new Met2dDataFile object of type "FileType_Gb1".
DEBUG 4: 
DEBUG 4: Stereographic Grid Data:
DEBUG 4:   hemisphere: N
DEBUG 4:    scale_lat: 60
DEBUG 4:      lat_pin: 31.357
DEBUG 4:      lon_pin: 129.77
DEBUG 4:        x_pin: 0
DEBUG 4:        y_pin: 0
DEBUG 4:   lon_orient: 120.5
DEBUG 4:         d_km: 10.395
DEBUG 4:        dy_km: 10.395
DEBUG 4:         r_km: 6371.2
DEBUG 4:           nx: 169
DEBUG 4:           ny: 154
DEBUG 4: 
DEBUG 3: MetGrib1DataFile::data_plane_array() -> Found exact match for VarInfo "TMP/Z2" in GRIB record 152 of GRIB file "/d1/projects/MET/MET_test_data/unit_test/model_data/grib1/arw-fer-gep1/arw-fer-gep1_2012040912_F012.grib".
DEBUG 4: 
DEBUG 4: Grid information:
DEBUG 4:    Projection: Stereographic
DEBUG 4:    Nx: 169
DEBUG 4:    Ny: 154
DEBUG 4:    IsNorthHemisphere: true
DEBUG 4:    Lon_orient: 120.500
DEBUG 4:    Bx: 103.479
DEBUG 4:    By: 633.993
DEBUG 4:    Alpha: 1143.7057
DEBUG 4: 
DEBUG 4: Data plane information:
DEBUG 4:    plane min: 273.677
DEBUG 4:    plane max: 306.692
DEBUG 4:    valid time: 20120410_000000
DEBUG 4:    lead time: 120000
DEBUG 4:    init time: 20120409_120000
DEBUG 4:    accum time: 000000
DEBUG 4: 
DEBUG 3: MetGrib1DataFile::data_plane_array() -> Found 1 GRIB records matching VarInfo "TMP/Z2" in GRIB file "/d1/projects/MET/MET_test_data/unit_test/model_data/grib1/arw-fer-gep1/arw-fer-gep1_2012040912_F012.grib".
DEBUG 2: Using the forecast grid as the verification grid
DEBUG 3: Grid Definition: Projection: Stereographic Nx: 169 Ny: 154 IsNorthHemisphere: true Lon_orient: 120.500 Bx: 103.479 By: 633.993 Alpha: 1143.7057
DEBUG 4: Met2dDataFileFactory::new_met_2d_data_file() -> created new Met2dDataFile object of type "FileType_Gb1".
DEBUG 4: 
DEBUG 4: Stereographic Grid Data:
DEBUG 4:   hemisphere: N
DEBUG 4:    scale_lat: 60
DEBUG 4:      lat_pin: 31.357
DEBUG 4:      lon_pin: 129.77
DEBUG 4:        x_pin: 0
DEBUG 4:        y_pin: 0
DEBUG 4:   lon_orient: 120.5
DEBUG 4:         d_km: 10.395
DEBUG 4:        dy_km: 10.395
DEBUG 4:         r_km: 6371.2
DEBUG 4:           nx: 169
DEBUG 4:           ny: 154
DEBUG 4: 
DEBUG 3: MetGrib1DataFile::data_plane_array() -> Found exact match for VarInfo "TMP/Z2" in GRIB record 152 of GRIB file "/d1/projects/MET/MET_test_data/unit_test/model_data/grib1/arw-fer-gep5/arw-fer-gep5_2012040912_F012.grib".
DEBUG 4: 
DEBUG 4: Grid information:
DEBUG 4:    Projection: Stereographic
DEBUG 4:    Nx: 169
DEBUG 4:    Ny: 154
DEBUG 4:    IsNorthHemisphere: true
DEBUG 4:    Lon_orient: 120.500
DEBUG 4:    Bx: 103.479
DEBUG 4:    By: 633.993
DEBUG 4:    Alpha: 1143.7057
DEBUG 4: 
DEBUG 4: Data plane information:
DEBUG 4:    plane min: 273.144
DEBUG 4:    plane max: 306.122
DEBUG 4:    valid time: 20120410_000000
DEBUG 4:    lead time: 120000
DEBUG 4:    init time: 20120409_120000
DEBUG 4:    accum time: 000000
DEBUG 4: 
DEBUG 3: MetGrib1DataFile::data_plane_array() -> Found 1 GRIB records matching VarInfo "TMP/Z2" in GRIB file "/d1/projects/MET/MET_test_data/unit_test/model_data/grib1/arw-fer-gep5/arw-fer-gep5_2012040912_F012.grib".
DEBUG 4: Met2dDataFileFactory::new_met_2d_data_file() -> created new Met2dDataFile object of type "FileType_Gb1".
DEBUG 4: 
DEBUG 4: Stereographic Grid Data:
DEBUG 4:   hemisphere: N
DEBUG 4:    scale_lat: 60
DEBUG 4:      lat_pin: 31.357
DEBUG 4:      lon_pin: 129.77
DEBUG 4:        x_pin: 0
DEBUG 4:        y_pin: 0
DEBUG 4:   lon_orient: 120.5
DEBUG 4:         d_km: 10.395
DEBUG 4:        dy_km: 10.395
DEBUG 4:         r_km: 6371.2
DEBUG 4:           nx: 169
DEBUG 4:           ny: 154
DEBUG 4: 
DEBUG 3: MetGrib1DataFile::data_plane_array() -> Found exact match for VarInfo "TMP/Z2" in GRIB record 152 of GRIB file "/d1/projects/MET/MET_test_data/unit_test/model_data/grib1/arw-sch-gep2/arw-sch-gep2_2012040912_F012.grib".
DEBUG 4: 
DEBUG 4: Grid information:
DEBUG 4:    Projection: Stereographic
DEBUG 4:    Nx: 169
DEBUG 4:    Ny: 154
DEBUG 4:    IsNorthHemisphere: true
DEBUG 4:    Lon_orient: 120.500
DEBUG 4:    Bx: 103.479
DEBUG 4:    By: 633.993
DEBUG 4:    Alpha: 1143.7057
DEBUG 4: 
DEBUG 4: Data plane information:
DEBUG 4:    plane min: 274.354
DEBUG 4:    plane max: 306.249
DEBUG 4:    valid time: 20120410_000000
DEBUG 4:    lead time: 120000
DEBUG 4:    init time: 20120409_120000
DEBUG 4:    accum time: 000000
DEBUG 4: 
DEBUG 3: MetGrib1DataFile::data_plane_array() -> Found 1 GRIB records matching VarInfo "TMP/Z2" in GRIB file "/d1/projects/MET/MET_test_data/unit_test/model_data/grib1/arw-sch-gep2/arw-sch-gep2_2012040912_F012.grib".
DEBUG 4: Met2dDataFileFactory::new_met_2d_data_file() -> created new Met2dDataFile object of type "FileType_Gb1".
DEBUG 4: 
DEBUG 4: Stereographic Grid Data:
DEBUG 4:   hemisphere: N
DEBUG 4:    scale_lat: 60
DEBUG 4:      lat_pin: 31.357
DEBUG 4:      lon_pin: 129.77
DEBUG 4:        x_pin: 0
DEBUG 4:        y_pin: 0
DEBUG 4:   lon_orient: 120.5
DEBUG 4:         d_km: 10.395
DEBUG 4:        dy_km: 10.395
DEBUG 4:         r_km: 6371.2
DEBUG 4:           nx: 169
DEBUG 4:           ny: 154
DEBUG 4: 
DEBUG 3: MetGrib1DataFile::data_plane_array() -> Found exact match for VarInfo "TMP/Z2" in GRIB record 152 of GRIB file "/d1/projects/MET/MET_test_data/unit_test/model_data/grib1/arw-sch-gep6/arw-sch-gep6_2012040912_F012.grib".
DEBUG 4: 
DEBUG 4: Grid information:
DEBUG 4:    Projection: Stereographic
DEBUG 4:    Nx: 169
DEBUG 4:    Ny: 154
DEBUG 4:    IsNorthHemisphere: true
DEBUG 4:    Lon_orient: 120.500
DEBUG 4:    Bx: 103.479
DEBUG 4:    By: 633.993
DEBUG 4:    Alpha: 1143.7057
DEBUG 4: 
DEBUG 4: Data plane information:
DEBUG 4:    plane min: 273.484
DEBUG 4:    plane max: 306
DEBUG 4:    valid time: 20120410_000000
DEBUG 4:    lead time: 120000
DEBUG 4:    init time: 20120409_120000
DEBUG 4:    accum time: 000000
DEBUG 4: 
DEBUG 3: MetGrib1DataFile::data_plane_array() -> Found 1 GRIB records matching VarInfo "TMP/Z2" in GRIB file "/d1/projects/MET/MET_test_data/unit_test/model_data/grib1/arw-sch-gep6/arw-sch-gep6_2012040912_F012.grib".
DEBUG 4: Met2dDataFileFactory::new_met_2d_data_file() -> created new Met2dDataFile object of type "FileType_Gb1".
DEBUG 4: 
DEBUG 4: Stereographic Grid Data:
DEBUG 4:   hemisphere: N
DEBUG 4:    scale_lat: 60
DEBUG 4:      lat_pin: 31.357
DEBUG 4:      lon_pin: 129.77
DEBUG 4:        x_pin: 0
DEBUG 4:        y_pin: 0
DEBUG 4:   lon_orient: 120.5
DEBUG 4:         d_km: 10.395
DEBUG 4:        dy_km: 10.395
DEBUG 4:         r_km: 6371.2
DEBUG 4:           nx: 169
DEBUG 4:           ny: 154
DEBUG 4: 
DEBUG 3: MetGrib1DataFile::data_plane_array() -> Found exact match for VarInfo "TMP/Z2" in GRIB record 152 of GRIB file "/d1/projects/MET/MET_test_data/unit_test/model_data/grib1/arw-tom-gep7/arw-tom-gep7_2012040912_F012.grib".
DEBUG 4: 
DEBUG 4: Grid information:
DEBUG 4:    Projection: Stereographic
DEBUG 4:    Nx: 169
DEBUG 4:    Ny: 154
DEBUG 4:    IsNorthHemisphere: true
DEBUG 4:    Lon_orient: 120.500
DEBUG 4:    Bx: 103.479
DEBUG 4:    By: 633.993
DEBUG 4:    Alpha: 1143.7057
DEBUG 4: 
DEBUG 4: Data plane information:
DEBUG 4:    plane min: 273.598
DEBUG 4:    plane max: 305.905
DEBUG 4:    valid time: 20120410_000000
DEBUG 4:    lead time: 120000
DEBUG 4:    init time: 20120409_120000
DEBUG 4:    accum time: 000000
DEBUG 4: 
DEBUG 3: MetGrib1DataFile::data_plane_array() -> Found 1 GRIB records matching VarInfo "TMP/Z2" in GRIB file "/d1/projects/MET/MET_test_data/unit_test/model_data/grib1/arw-tom-gep7/arw-tom-gep7_2012040912_F012.grib".
DEBUG 2: Processing masking regions.
DEBUG 3: Processing grid mask: FULL
DEBUG 4: parse_grid_mask() -> parsing grid mask "FULL"
DEBUG 2: Processing geography data.
DEBUG 4: Met2dDataFileFactory::new_met_2d_data_file() -> created new Met2dDataFile object of type "FileType_Gb1".
DEBUG 4: 
DEBUG 4: Lambert Conformal Grid Data:
DEBUG 4:    hemisphere: N
DEBUG 4:   scale_lat_1: 25
DEBUG 4:   scale_lat_2: 25
DEBUG 4:       lat_pin: 12.19
DEBUG 4:       lon_pin: 133.459
DEBUG 4:         x_pin: 0
DEBUG 4:         y_pin: 0
DEBUG 4:    lon_orient: 95
DEBUG 4:          d_km: 12.191
DEBUG 4:          r_km: 6371.2
DEBUG 4:            nx: 614
DEBUG 4:            ny: 428
DEBUG 4:     so2_angle: 0
DEBUG 4: 
DEBUG 4: VarInfoFactory::new_var_info() -> created new VarInfo object of type "FileType_Gb1".
DEBUG 3: MetGrib1DataFile::data_plane_array() -> Found exact match for VarInfo "HGT/Z0" in GRIB record 4 of GRIB file "/d1/projects/MET/MET_test_data/unit_test/model_data/grib1/nam/nam_2012040900_F012.grib".
DEBUG 4: 
DEBUG 4: Grid information:
DEBUG 4:    Projection: Lambert Conformal
DEBUG 4:    Nx: 614
DEBUG 4:    Ny: 428
DEBUG 4:    Lat_LL: 12.190
DEBUG 4:    Lon_LL: 133.459
DEBUG 4:    Lon_orient: 95.000
DEBUG 4:    Alpha: 1356.011
DEBUG 4:    Cone: 0.423
DEBUG 4:    Bx: 346.6564
DEBUG 4:    By: 1189.0556
DEBUG 4: 
DEBUG 4: Data plane information:
DEBUG 4:    plane min: -73.93
DEBUG 4:    plane max: 3576.32
DEBUG 4:    valid time: 20120409_120000
DEBUG 4:    lead time: 120000
DEBUG 4:    init time: 20120409_000000
DEBUG 4:    accum time: 000000
DEBUG 4: 
DEBUG 3: MetGrib1DataFile::data_plane_array() -> Found 1 GRIB records matching VarInfo "HGT/Z0" in GRIB file "/d1/projects/MET/MET_test_data/unit_test/model_data/grib1/nam/nam_2012040900_F012.grib".
DEBUG 3: Geography mask data HGT/Z0 found in "/d1/projects/MET/MET_test_data/unit_test/model_data/grib1/nam/nam_2012040900_F012.grib".
DEBUG 3: 
DEBUG 2: Regridding geography mask data HGT/Z0 to the verification grid using NEAREST(1).
DEBUG 3: For TMP/Z2, found 0 forecast climatology mean and 0 standard deviation level(s), and 0 observation climatology mean and 0 standard deviation level(s).
DEBUG 2: 
DEBUG 2: --------------------------------------------------------------------------------
DEBUG 2: 
DEBUG 2: Processing point observation file: /d1/personal/johnhg/MET/MET_development/met-12.2.0/rc1/MET-feature_3174_orography/internal/test_unit/../../test_output/pb2nc/gdas1.20120409.t12z.prepbufr.nc
DEBUG 7: update_missing_values(T) hdr_typ(data_type=i): FillValue(<T>)=-9999
DEBUG 7: update_missing_values(T)  data range [0 - 6] Positive count: 0
DEBUG 7: update_missing_values(T)  took 0.000196 seconds
DEBUG 7: update_missing_values(T) hdr_sid(data_type=i): FillValue(<T>)=-9999
DEBUG 7: update_missing_values(T)  data range [0 - 3546] Positive count: 0
DEBUG 7: update_missing_values(T)  took 0.000194 seconds
DEBUG 7: update_missing_values(T) hdr_vld(data_type=i): FillValue(<T>)=-9999
DEBUG 7: update_missing_values(T)  data range [0 - 60] Positive count: 0
DEBUG 7: update_missing_values(T)  took 0.000171 seconds
DEBUG 7: update_missing_values(T) hdr_lat(data_type=f): FillValue(<T>)=-9999
DEBUG 7: update_missing_values(T)  data range [15.1 - 61.13] Positive count: 0
DEBUG 7: update_missing_values(T)  took 0.000349 seconds
DEBUG 7: update_missing_values(T) hdr_lon(data_type=f): FillValue(<T>)=-9999
DEBUG 7: update_missing_values(T)  data range [-147.27 - -50.03] Positive count: 0
DEBUG 7: update_missing_values(T)  took 0.000349 seconds
DEBUG 7: update_missing_values(T) hdr_elv(data_type=f): FillValue(<T>)=-9999
DEBUG 7: update_missing_values(T)  data range [0 - 12497] Positive count: 0
DEBUG 7: update_missing_values(T)  took 0.000344 seconds
DEBUG 7: update_missing_values(T) hdr_prpt_typ(data_type=i): FillValue(<T>)=-9999
DEBUG 7: update_missing_values(T)  data range [120 - 287] Positive count: 0
DEBUG 7: update_missing_values(T)  took 0.000177 seconds
DEBUG 7: update_missing_values(T) hdr_irpt_typ(data_type=i): FillValue(<T>)=-9999
DEBUG 7: update_missing_values(T)  data range [11 - 562] Positive count: 0
DEBUG 7: update_missing_values(T)  took 0.000167 seconds
DEBUG 7: update_missing_values(T) hdr_inst_typ(data_type=i): FillValue(<T>)=-9999
DEBUG 7: update_missing_values(T)  data range [49 - 111] Positive count: 0
DEBUG 3: update_missing_values(T) hdr_inst_typ(data_type=i): found 11157 FillValues out of 11370
DEBUG 7: update_missing_values(T)  took 0.000224 seconds
DEBUG 3: Processing each "obs.field" name as a GRIB code abbreviation since the point observations are specified as GRIB codes.
DEBUG 2: Searching 120275 observations from 11370 header messages.
DEBUG 7: update_missing_values(T) obs_hid(data_type=i): FillValue(<T>)=-9999
DEBUG 7: update_missing_values(T)  data range [0 - 279] Positive count: 0
DEBUG 7: update_missing_values(T)  took 0.000428 seconds
DEBUG 7: update_missing_values(T) obs_vid(data_type=i): FillValue(<T>)=-9999
DEBUG 7: update_missing_values(T)  data range [0 - 8] Positive count: 0
DEBUG 7: update_missing_values(T)  took 0.000423 seconds
DEBUG 7: update_missing_values(T) obs_lvl(data_type=f): FillValue(<T>)=-9999
DEBUG 7: update_missing_values(T)  data range [4.8 - 1021] Positive count: 0
DEBUG 7: update_missing_values(T)  took 0.001446 seconds
DEBUG 7: update_missing_values(T) obs_hgt(data_type=f): FillValue(<T>)=-9999
DEBUG 7: update_missing_values(T)  data range [-45.104 - 35223.4] Positive count: 0
DEBUG 3: update_missing_values(T) obs_hgt(data_type=f): found 33190 FillValues out of 65536
DEBUG 7: update_missing_values(T)  took 0.001329 seconds
DEBUG 7: update_missing_values(T) obs_val(data_type=f): FillValue(<T>)=-9999
DEBUG 7: update_missing_values(T)  data range [-45 - 35290] Positive count: 0
DEBUG 7: update_missing_values(T)  took 0.001448 seconds
DEBUG 7: update_missing_values(T) obs_hid(data_type=i): FillValue(<T>)=-9999
DEBUG 7: update_missing_values(T)  data range [279 - 11369] Positive count: 0
DEBUG 7: update_missing_values(T)  took 0.000514 seconds
DEBUG 7: update_missing_values(T) obs_vid(data_type=i): FillValue(<T>)=-9999
DEBUG 7: update_missing_values(T)  data range [0 - 9] Positive count: 0
DEBUG 7: update_missing_values(T)  took 0.00038 seconds
DEBUG 7: update_missing_values(T) obs_lvl(data_type=f): FillValue(<T>)=-9999
DEBUG 7: update_missing_values(T)  data range [72.2 - 1031.4] Positive count: 0
DEBUG 7: update_missing_values(T)  took 0.00124 seconds
DEBUG 7: update_missing_values(T) obs_hgt(data_type=f): FillValue(<T>)=-9999
DEBUG 7: update_missing_values(T)  data range [0 - 18221.9] Positive count: 0
DEBUG 3: update_missing_values(T) obs_hgt(data_type=f): found 15870 FillValues out of 54739
DEBUG 7: update_missing_values(T)  took 0.001297 seconds
DEBUG 7: update_missing_values(T) obs_val(data_type=f): FillValue(<T>)=-9999
DEBUG 7: update_missing_values(T)  data range [-29.2 - 18247] Positive count: 0
DEBUG 7: update_missing_values(T)  took 0.001236 seconds
DEBUG 2: 
DEBUG 2: --------------------------------------------------------------------------------
DEBUG 2: 
DEBUG 2: Processing ensemble member file: /d1/projects/MET/MET_test_data/unit_test/model_data/grib1/arw-fer-gep1/arw-fer-gep1_2012040912_F012.grib
DEBUG 4: Met2dDataFileFactory::new_met_2d_data_file() -> created new Met2dDataFile object of type "FileType_Gb1".
DEBUG 4: 
DEBUG 4: Stereographic Grid Data:
DEBUG 4:   hemisphere: N
DEBUG 4:    scale_lat: 60
DEBUG 4:      lat_pin: 31.357
DEBUG 4:      lon_pin: 129.77
DEBUG 4:        x_pin: 0
DEBUG 4:        y_pin: 0
DEBUG 4:   lon_orient: 120.5
DEBUG 4:         d_km: 10.395
DEBUG 4:        dy_km: 10.395
DEBUG 4:         r_km: 6371.2
DEBUG 4:           nx: 169
DEBUG 4:           ny: 154
DEBUG 4: 
DEBUG 3: MetGrib1DataFile::data_plane_array() -> Found exact match for VarInfo "TMP/Z2" in GRIB record 152 of GRIB file "/d1/projects/MET/MET_test_data/unit_test/model_data/grib1/arw-fer-gep1/arw-fer-gep1_2012040912_F012.grib".
DEBUG 4: 
DEBUG 4: Grid information:
DEBUG 4:    Projection: Stereographic
DEBUG 4:    Nx: 169
DEBUG 4:    Ny: 154
DEBUG 4:    IsNorthHemisphere: true
DEBUG 4:    Lon_orient: 120.500
DEBUG 4:    Bx: 103.479
DEBUG 4:    By: 633.993
DEBUG 4:    Alpha: 1143.7057
DEBUG 4: 
DEBUG 4: Data plane information:
DEBUG 4:    plane min: 273.677
DEBUG 4:    plane max: 306.692
DEBUG 4:    valid time: 20120410_000000
DEBUG 4:    lead time: 120000
DEBUG 4:    init time: 20120409_120000
DEBUG 4:    accum time: 000000
DEBUG 4: 
DEBUG 3: MetGrib1DataFile::data_plane_array() -> Found 1 GRIB records matching VarInfo "TMP/Z2" in GRIB file "/d1/projects/MET/MET_test_data/unit_test/model_data/grib1/arw-fer-gep1/arw-fer-gep1_2012040912_F012.grib".
DEBUG 2: For TMP/Z2 found 1 forecast levels.
DEBUG 8: Correcting the OBS temperature from 284.25 to 284.335 for forecast (3.32829) minus observation (12) elevation difference of -8.67171 and lapse rate value of 0.0098.
DEBUG 8: Correcting the OBS temperature from 282.05 to 282.194 for forecast (59.2814) minus observation (74) elevation difference of -14.7186 and lapse rate value of 0.0098.
DEBUG 8: Correcting the OBS temperature from 279.25 to 279.449 for forecast (51.7402) minus observation (72) elevation difference of -20.2598 and lapse rate value of 0.0098.
DEBUG 8: Correcting the OBS temperature from 277.55 to 277.688 for forecast (62.9403) minus observation (77) elevation difference of -14.0597 and lapse rate value of 0.0098.
DEBUG 8: Correcting the OBS temperature from 280.95 to 279.06 for forecast (1201.83) minus observation (1009) elevation difference of 192.83 and lapse rate value of 0.0098.
DEBUG 8: Correcting the OBS temperature from 268.15 to 263.923 for forecast (2604.33) minus observation (2173) elevation difference of 431.334 and lapse rate value of 0.0098.
DEBUG 8: Correcting the OBS temperature from 269.15 to 264.923 for forecast (2604.33) minus observation (2173) elevation difference of 431.334 and lapse rate value of 0.0098.
DEBUG 8: Correcting the OBS temperature from 278.15 to 278.063 for forecast (654.854) minus observation (646) elevation difference of 8.85423 and lapse rate value of 0.0098.
DEBUG 8: Correcting the OBS temperature from 279.15 to 279.063 for forecast (654.854) minus observation (646) elevation difference of 8.85423 and lapse rate value of 0.0098.
DEBUG 8: Correcting the OBS temperature from 275.35 to 274.325 for forecast (1758.6) minus observation (1654) elevation difference of 104.6 and lapse rate value of 0.0098.
DEBUG 8: Correcting the OBS temperature from 281.45 to 281.554 for forecast (-3.6563) minus observation (7) elevation difference of -10.6563 and lapse rate value of 0.0098.
DEBUG 8: Correcting the OBS temperature from 281.45 to 281.453 for forecast (18.7) minus observation (19) elevation difference of -0.300049 and lapse rate value of 0.0098.
DEBUG 8: Correcting the OBS temperature from 280.35 to 277.67 for forecast (460.506) minus observation (187) elevation difference of 273.506 and lapse rate value of 0.0098.
DEBUG 8: Correcting the OBS temperature from 275.15 to 271.245 for forecast (1830.51) minus observation (1432) elevation difference of 398.508 and lapse rate value of 0.0098.
DEBUG 8: Correcting the OBS temperature from 273.15 to 269.245 for forecast (1830.51) minus observation (1432) elevation difference of 398.508 and lapse rate value of 0.0098.
DEBUG 8: Correcting the OBS temperature from 283.15 to 282.924 for forecast (82.0101) minus observation (59) elevation difference of 23.0101 and lapse rate value of 0.0098.
DEBUG 8: Correcting the OBS temperature from 274.25 to 272.483 for forecast (1992.31) minus observation (1812) elevation difference of 180.312 and lapse rate value of 0.0098.
DEBUG 8: Correcting the OBS temperature from 283.15 to 283.065 for forecast (161.684) minus observation (153) elevation difference of 8.68373 and lapse rate value of 0.0098.
DEBUG 8: Correcting the OBS temperature from 275.35 to 275.287 for forecast (1271.46) minus observation (1265) elevation difference of 6.45755 and lapse rate value of 0.0098.
DEBUG 8: Correcting the OBS temperature from 273.75 to 273.527 for forecast (1257.75) minus observation (1235) elevation difference of 22.7488 and lapse rate value of 0.0098.
DEBUG 8: Correcting the OBS temperature from 278.15 to 283.219 for forecast (653.741) minus observation (1171) elevation difference of -517.259 and lapse rate value of 0.0098.
DEBUG 8: Correcting the OBS temperature from 285.95 to 285.814 for forecast (21.8479) minus observation (8) elevation difference of 13.8479 and lapse rate value of 0.0098.
DEBUG 8: Correcting the OBS temperature from 283.75 to 282.563 for forecast (370.101) minus observation (249) elevation difference of 121.101 and lapse rate value of 0.0098.
DEBUG 8: Correcting the OBS temperature from 277.55 to 277.114 for forecast (46.4791) minus observation (2) elevation difference of 44.4791 and lapse rate value of 0.0098.
DEBUG 8: Correcting the OBS temperature from 280.95 to 280.658 for forecast (42.8431) minus observation (13) elevation difference of 29.8431 and lapse rate value of 0.0098.
DEBUG 8: Correcting the OBS temperature from 282.55 to 281.795 for forecast (321.008) minus observation (244) elevation difference of 77.0079 and lapse rate value of 0.0098.
DEBUG 8: Correcting the OBS temperature from 285.95 to 284.176 for forecast (853.006) minus observation (672) elevation difference of 181.006 and lapse rate value of 0.0098.
DEBUG 8: Correcting the OBS temperature from 280.95 to 280.87 for forecast (56.1324) minus observation (48) elevation difference of 8.1324 and lapse rate value of 0.0098.
DEBUG 8: Correcting the OBS temperature from 280.95 to 278.877 for forecast (229.553) minus observation (18) elevation difference of 211.553 and lapse rate value of 0.0098.
DEBUG 8: Correcting the OBS temperature from 279.15 to 279.311 for forecast (40.5773) minus observation (57) elevation difference of -16.4227 and lapse rate value of 0.0098.
DEBUG 8: Correcting the OBS temperature from 279.15 to 279.311 for forecast (40.5773) minus observation (57) elevation difference of -16.4227 and lapse rate value of 0.0098.
DEBUG 8: Correcting the OBS temperature from 268.15 to 263.923 for forecast (2604.33) minus observation (2173) elevation difference of 431.334 and lapse rate value of 0.0098.
DEBUG 8: Correcting the OBS temperature from 278.15 to 278.063 for forecast (654.854) minus observation (646) elevation difference of 8.85423 and lapse rate value of 0.0098.
DEBUG 8: Correcting the OBS temperature from 273.15 to 269.245 for forecast (1830.51) minus observation (1432) elevation difference of 398.508 and lapse rate value of 0.0098.
DEBUG 8: Correcting the OBS temperature from 281.45 to 281.516 for forecast (101.253) minus observation (108) elevation difference of -6.74717 and lapse rate value of 0.0098.
DEBUG 8: Correcting the OBS temperature from 276.15 to 276.122 for forecast (775.896) minus observation (773) elevation difference of 2.8964 and lapse rate value of 0.0098.
DEBUG 8: Correcting the OBS temperature from 277.15 to 277.122 for forecast (775.896) minus observation (773) elevation difference of 2.8964 and lapse rate value of 0.0098.
DEBUG 8: Correcting the OBS temperature from 276.45 to 276.017 for forecast (712.201) minus observation (668) elevation difference of 44.2007 and lapse rate value of 0.0098.
DEBUG 8: Correcting the OBS temperature from 273.15 to 273.059 for forecast (1064.24) minus observation (1055) elevation difference of 9.24469 and lapse rate value of 0.0098.
DEBUG 8: Correcting the OBS temperature from 274.15 to 274.059 for forecast (1064.24) minus observation (1055) elevation difference of 9.24469 and lapse rate value of 0.0098.
DEBUG 8: Correcting the OBS temperature from 279.85 to 279.141 for forecast (186.391) minus observation (114) elevation difference of 72.3907 and lapse rate value of 0.0098.
DEBUG 8: Correcting the OBS temperature from 266.45 to 262.976 for forecast (2334.52) minus observation (1980) elevation difference of 354.519 and lapse rate value of 0.0098.
DEBUG 8: Correcting the OBS temperature from 272.55 to 272.634 for forecast (929.387) minus observation (938) elevation difference of -8.61339 and lapse rate value of 0.0098.
DEBUG 8: Correcting the OBS temperature from 283.15 to 282.946 for forecast (27.8497) minus observation (7) elevation difference of 20.8497 and lapse rate value of 0.0098.
DEBUG 8: Correcting the OBS temperature from 276.45 to 275.209 for forecast (551.639) minus observation (425) elevation difference of 126.639 and lapse rate value of 0.0098.
DEBUG 8: Correcting the OBS temperature from 283.75 to 284.201 for forecast (53.9755) minus observation (100) elevation difference of -46.0245 and lapse rate value of 0.0098.
DEBUG 8: Correcting the OBS temperature from 275.15 to 273.238 for forecast (400.085) minus observation (205) elevation difference of 195.085 and lapse rate value of 0.0098.
DEBUG 8: Correcting the OBS temperature from 275.15 to 273.238 for forecast (400.085) minus observation (205) elevation difference of 195.085 and lapse rate value of 0.0098.
DEBUG 8: Correcting the OBS temperature from 283.75 to 281.866 for forecast (779.263) minus observation (587) elevation difference of 192.263 and lapse rate value of 0.0098.
DEBUG 8: Correcting the OBS temperature from 279.25 to 278.804 for forecast (747.471) minus observation (702) elevation difference of 45.4714 and lapse rate value of 0.0098.
DEBUG 8: Correcting the OBS temperature from 284.75 to 284.946 for forecast (729.034) minus observation (749) elevation difference of -19.9657 and lapse rate value of 0.0098.
DEBUG 8: Correcting the OBS temperature from 287.05 to 285.671 for forecast (804.745) minus observation (664) elevation difference of 140.745 and lapse rate value of 0.0098.
DEBUG 8: Correcting the OBS temperature from 279.15 to 279.311 for forecast (40.5773) minus observation (57) elevation difference of -16.4227 and lapse rate value of 0.0098.
DEBUG 8: Correcting the OBS temperature from 270.35 to 266.989 for forecast (2251.95) minus observation (1909) elevation difference of 342.947 and lapse rate value of 0.0098.
DEBUG 8: Correcting the OBS temperature from 277.15 to 277.122 for forecast (775.896) minus observation (773) elevation difference of 2.8964 and lapse rate value of 0.0098.
DEBUG 8: Correcting the OBS temperature from 273.15 to 273.059 for forecast (1064.24) minus observation (1055) elevation difference of 9.24469 and lapse rate value of 0.0098.
DEBUG 8: Correcting the OBS temperature from 290.35 to 290.382 for forecast (61.7106) minus observation (65) elevation difference of -3.28943 and lapse rate value of 0.0098.
DEBUG 8: Correcting the OBS temperature from 281.45 to 281.712 for forecast (101.266) minus observation (128) elevation difference of -26.734 and lapse rate value of 0.0098.
DEBUG 8: Correcting the OBS temperature from 288.75 to 293.314 for forecast (22.3333) minus observation (488) elevation difference of -465.667 and lapse rate value of 0.0098.
DEBUG 8: Correcting the OBS temperature from 276.45 to 275.043 for forecast (306.62) minus observation (163) elevation difference of 143.62 and lapse rate value of 0.0098.
DEBUG 8: Correcting the OBS temperature from 283.75 to 283.728 for forecast (21.2687) minus observation (19) elevation difference of 2.2687 and lapse rate value of 0.0098.
DEBUG 8: Correcting the OBS temperature from 283.75 to 283.884 for forecast (18.3757) minus observation (32) elevation difference of -13.6243 and lapse rate value of 0.0098.
DEBUG 8: Correcting the OBS temperature from 270.15 to 273.376 for forecast (1728.84) minus observation (2058) elevation difference of -329.162 and lapse rate value of 0.0098.
DEBUG 8: Correcting the OBS temperature from 270.15 to 273.376 for forecast (1728.84) minus observation (2058) elevation difference of -329.162 and lapse rate value of 0.0098.
DEBUG 8: Correcting the OBS temperature from 285.35 to 284.067 for forecast (756.964) minus observation (626) elevation difference of 130.964 and lapse rate value of 0.0098.
DEBUG 8: Correcting the OBS temperature from 275.15 to 273.238 for forecast (400.085) minus observation (205) elevation difference of 195.085 and lapse rate value of 0.0098.
DEBUG 8: Correcting the OBS temperature from 279.25 to 279.322 for forecast (69.6357) minus observation (77) elevation difference of -7.36433 and lapse rate value of 0.0098.
DEBUG 8: Correcting the OBS temperature from 278.15 to 277.225 for forecast (95.3984) minus observation (1) elevation difference of 94.3984 and lapse rate value of 0.0098.
DEBUG 8: Correcting the OBS temperature from 279.15 to 278.225 for forecast (95.3984) minus observation (1) elevation difference of 94.3984 and lapse rate value of 0.0098.
DEBUG 8: Correcting the OBS temperature from 278.15 to 277.376 for forecast (88.9592) minus observation (10) elevation difference of 78.9592 and lapse rate value of 0.0098.
DEBUG 8: Correcting the OBS temperature from 278.15 to 277.353 for forecast (109.296) minus observation (28) elevation difference of 81.2958 and lapse rate value of 0.0098.
DEBUG 8: Correcting the OBS temperature from 278.15 to 277.353 for forecast (109.296) minus observation (28) elevation difference of 81.2958 and lapse rate value of 0.0098.
DEBUG 8: Correcting the OBS temperature from 268.75 to 263.109 for forecast (2642.58) minus observation (2067) elevation difference of 575.582 and lapse rate value of 0.0098.
DEBUG 8: Correcting the OBS temperature from 283.15 to 282.078 for forecast (182.347) minus observation (73) elevation difference of 109.347 and lapse rate value of 0.0098.
DEBUG 8: Correcting the OBS temperature from 284.15 to 283.078 for forecast (182.347) minus observation (73) elevation difference of 109.347 and lapse rate value of 0.0098.
DEBUG 8: Correcting the OBS temperature from 275.95 to 275.061 for forecast (1337.75) minus observation (1247) elevation difference of 90.7522 and lapse rate value of 0.0098.
DEBUG 8: Correcting the OBS temperature from 284.85 to 285.291 for forecast (84.0405) minus observation (129) elevation difference of -44.9595 and lapse rate value of 0.0098.
DEBUG 8: Correcting the OBS temperature from 277.05 to 275.814 for forecast (150.072) minus observation (24) elevation difference of 126.072 and lapse rate value of 0.0098.
DEBUG 8: Correcting the OBS temperature from 282.15 to 282.126 for forecast (13.4988) minus observation (11) elevation difference of 2.49883 and lapse rate value of 0.0098.
DEBUG 8: Correcting the OBS temperature from 284.25 to 283.935 for forecast (61.1372) minus observation (29) elevation difference of 32.1372 and lapse rate value of 0.0098.
DEBUG 8: Correcting the OBS temperature from 277.95 to 277.997 for forecast (464.167) minus observation (469) elevation difference of -4.83295 and lapse rate value of 0.0098.
DEBUG 8: Correcting the OBS temperature from 283.15 to 283.072 for forecast (63.958) minus observation (56) elevation difference of 7.95801 and lapse rate value of 0.0098.
DEBUG 8: Correcting the OBS temperature from 270.15 to 273.376 for forecast (1728.84) minus observation (2058) elevation difference of -329.162 and lapse rate value of 0.0098.
DEBUG 8: Correcting the OBS temperature from 277.55 to 275.174 for forecast (245.487) minus observation (3) elevation difference of 242.487 and lapse rate value of 0.0098.
DEBUG 8: Correcting the OBS temperature from 288.35 to 287.589 for forecast (1038.67) minus observation (961) elevation difference of 77.6706 and lapse rate value of 0.0098.
DEBUG 8: Correcting the OBS temperature from 281.45 to 280.271 for forecast (816.298) minus observation (696) elevation difference of 120.298 and lapse rate value of 0.0098.
DEBUG 8: Correcting the OBS temperature from 277.15 to 274.852 for forecast (304.461) minus observation (70) elevation difference of 234.461 and lapse rate value of 0.0098.
DEBUG 8: Correcting the OBS temperature from 278.15 to 277.225 for forecast (95.3984) minus observation (1) elevation difference of 94.3984 and lapse rate value of 0.0098.
DEBUG 8: Correcting the OBS temperature from 280.15 to 279.353 for forecast (109.296) minus observation (28) elevation difference of 81.2958 and lapse rate value of 0.0098.
DEBUG 8: Correcting the OBS temperature from 285.15 to 284.078 for forecast (182.347) minus observation (73) elevation difference of 109.347 and lapse rate value of 0.0098.
DEBUG 8: Correcting the OBS temperature from 275.35 to 273.276 for forecast (1018.6) minus observation (807) elevation difference of 211.604 and lapse rate value of 0.0098.
DEBUG 8: Correcting the OBS temperature from 284.85 to 284.341 for forecast (67.9073) minus observation (16) elevation difference of 51.9073 and lapse rate value of 0.0098.
DEBUG 8: Correcting the OBS temperature from 281.15 to 281.126 for forecast (13.4988) minus observation (11) elevation difference of 2.49883 and lapse rate value of 0.0098.
DEBUG 8: Correcting the OBS temperature from 281.15 to 281.126 for forecast (13.4988) minus observation (11) elevation difference of 2.49883 and lapse rate value of 0.0098.
DEBUG 8: Correcting the OBS temperature from 277.55 to 276.982 for forecast (773.006) minus observation (715) elevation difference of 58.0065 and lapse rate value of 0.0098.
DEBUG 8: Correcting the OBS temperature from 288.15 to 284.637 for forecast (570.426) minus observation (212) elevation difference of 358.426 and lapse rate value of 0.0098.
DEBUG 8: Correcting the OBS temperature from 284.15 to 284.409 for forecast (644.609) minus observation (671) elevation difference of -26.3912 and lapse rate value of 0.0098.
DEBUG 8: Correcting the OBS temperature from 283.15 to 283.409 for forecast (644.609) minus observation (671) elevation difference of -26.3912 and lapse rate value of 0.0098.
DEBUG 8: Correcting the OBS temperature from 275.15 to 272.852 for forecast (304.461) minus observation (70) elevation difference of 234.461 and lapse rate value of 0.0098.
DEBUG 8: Correcting the OBS temperature from 275.15 to 272.852 for forecast (304.461) minus observation (70) elevation difference of 234.461 and lapse rate value of 0.0098.
DEBUG 8: Correcting the OBS temperature from 278.75 to 277.729 for forecast (153.17) minus observation (49) elevation difference of 104.17 and lapse rate value of 0.0098.
DEBUG 8: Correcting the OBS temperature from 280.95 to 281.069 for forecast (-4.14868) minus observation (8) elevation difference of -12.1487 and lapse rate value of 0.0098.
DEBUG 8: Correcting the OBS temperature from 275.95 to 275.666 for forecast (1227.94) minus observation (1199) elevation difference of 28.9394 and lapse rate value of 0.0098.
DEBUG 8: Correcting the OBS temperature from 273.75 to 272.176 for forecast (1725.59) minus observation (1565) elevation difference of 160.59 and lapse rate value of 0.0098.
DEBUG 8: Correcting the OBS temperature from 285.35 to 284.991 for forecast (45.5918) minus observation (9) elevation difference of 36.5918 and lapse rate value of 0.0098.
DEBUG 8: Correcting the OBS temperature from 276.45 to 275.945 for forecast (752.533) minus observation (701) elevation difference of 51.5329 and lapse rate value of 0.0098.
DEBUG 8: Correcting the OBS temperature from 280.15 to 278.534 for forecast (1013.92) minus observation (849) elevation difference of 164.922 and lapse rate value of 0.0098.
DEBUG 8: Correcting the OBS temperature from 278.15 to 276.534 for forecast (1013.92) minus observation (849) elevation difference of 164.922 and lapse rate value of 0.0098.
DEBUG 8: Correcting the OBS temperature from 287.15 to 283.637 for forecast (570.426) minus observation (212) elevation difference of 358.426 and lapse rate value of 0.0098.
DEBUG 8: Correcting the OBS temperature from 284.15 to 284.409 for forecast (644.609) minus observation (671) elevation difference of -26.3912 and lapse rate value of 0.0098.
DEBUG 8: Correcting the OBS temperature from 281.15 to 281.461 for forecast (57.2762) minus observation (89) elevation difference of -31.7238 and lapse rate value of 0.0098.
DEBUG 8: Correcting the OBS temperature from 280.15 to 280.461 for forecast (57.2762) minus observation (89) elevation difference of -31.7238 and lapse rate value of 0.0098.
DEBUG 8: Correcting the OBS temperature from 278.85 to 276.719 for forecast (1172.42) minus observation (955) elevation difference of 217.425 and lapse rate value of 0.0098.
DEBUG 8: Correcting the OBS temperature from 283.15 to 282.865 for forecast (34.1201) minus observation (5) elevation difference of 29.1201 and lapse rate value of 0.0098.
DEBUG 8: Correcting the OBS temperature from 280.95 to 279.927 for forecast (111.343) minus observation (7) elevation difference of 104.343 and lapse rate value of 0.0098.
DEBUG 8: Correcting the OBS temperature from 279.85 to 278.408 for forecast (185.111) minus observation (38) elevation difference of 147.111 and lapse rate value of 0.0098.
DEBUG 8: Correcting the OBS temperature from 280.95 to 281.065 for forecast (-3.73513) minus observation (8) elevation difference of -11.7351 and lapse rate value of 0.0098.
DEBUG 8: Correcting the OBS temperature from 280.15 to 280.101 for forecast (25.9846) minus observation (21) elevation difference of 4.98465 and lapse rate value of 0.0098.
DEBUG 8: Correcting the OBS temperature from 280.15 to 280.101 for forecast (25.9846) minus observation (21) elevation difference of 4.98465 and lapse rate value of 0.0098.
DEBUG 8: Correcting the OBS temperature from 282.55 to 282.113 for forecast (78.6087) minus observation (34) elevation difference of 44.6087 and lapse rate value of 0.0098.
DEBUG 8: Correcting the OBS temperature from 276.45 to 273.008 for forecast (1692.18) minus observation (1341) elevation difference of 351.178 and lapse rate value of 0.0098.
DEBUG 8: Correcting the OBS temperature from 273.75 to 272.204 for forecast (1490.79) minus observation (1333) elevation difference of 157.79 and lapse rate value of 0.0098.
DEBUG 8: Correcting the OBS temperature from 277.55 to 275.878 for forecast (575.599) minus observation (405) elevation difference of 170.599 and lapse rate value of 0.0098.
DEBUG 8: Correcting the OBS temperature from 277.05 to 276.458 for forecast (1325.39) minus observation (1265) elevation difference of 60.3908 and lapse rate value of 0.0098.
DEBUG 8: Correcting the OBS temperature from 279.85 to 280.697 for forecast (1147.58) minus observation (1234) elevation difference of -86.4164 and lapse rate value of 0.0098.
DEBUG 8: Correcting the OBS temperature from 277.55 to 277.091 for forecast (55.8244) minus observation (9) elevation difference of 46.8244 and lapse rate value of 0.0098.
DEBUG 8: Correcting the OBS temperature from 280.35 to 279.641 for forecast (270.352) minus observation (198) elevation difference of 72.3521 and lapse rate value of 0.0098.
DEBUG 8: Correcting the OBS temperature from 283.15 to 281.481 for forecast (406.276) minus observation (236) elevation difference of 170.276 and lapse rate value of 0.0098.
DEBUG 8: Correcting the OBS temperature from 279.85 to 279.091 for forecast (100.479) minus observation (23) elevation difference of 77.4794 and lapse rate value of 0.0098.
DEBUG 8: Correcting the OBS temperature from 279.15 to 277.534 for forecast (1013.92) minus observation (849) elevation difference of 164.922 and lapse rate value of 0.0098.
DEBUG 8: Correcting the OBS temperature from 283.15 to 283.085 for forecast (156.646) minus observation (150) elevation difference of 6.64619 and lapse rate value of 0.0098.
DEBUG 8: Correcting the OBS temperature from 283.05 to 281.876 for forecast (689.773) minus observation (570) elevation difference of 119.773 and lapse rate value of 0.0098.
DEBUG 8: Correcting the OBS temperature from 280.15 to 280.461 for forecast (57.2762) minus observation (89) elevation difference of -31.7238 and lapse rate value of 0.0098.
DEBUG 8: Correcting the OBS temperature from 273.75 to 266.972 for forecast (1954.66) minus observation (1263) elevation difference of 691.665 and lapse rate value of 0.0098.
DEBUG 8: Correcting the OBS temperature from 281.45 to 280.069 for forecast (152.907) minus observation (12) elevation difference of 140.907 and lapse rate value of 0.0098.
DEBUG 8: Correcting the OBS temperature from 282.55 to 282.736 for forecast (10.9788) minus observation (30) elevation difference of -19.0212 and lapse rate value of 0.0098.
DEBUG 8: Correcting the OBS temperature from 280.35 to 279.079 for forecast (143.724) minus observation (14) elevation difference of 129.724 and lapse rate value of 0.0098.
DEBUG 8: Correcting the OBS temperature from 278.75 to 277.28 for forecast (270.964) minus observation (121) elevation difference of 149.964 and lapse rate value of 0.0098.
DEBUG 8: Correcting the OBS temperature from 281.15 to 280.408 for forecast (78.694) minus observation (3) elevation difference of 75.694 and lapse rate value of 0.0098.
DEBUG 8: Correcting the OBS temperature from 281.45 to 280.708 for forecast (78.694) minus observation (3) elevation difference of 75.694 and lapse rate value of 0.0098.
DEBUG 8: Correcting the OBS temperature from 281.15 to 280.408 for forecast (78.694) minus observation (3) elevation difference of 75.694 and lapse rate value of 0.0098.
DEBUG 8: Correcting the OBS temperature from 279.15 to 279.101 for forecast (25.9846) minus observation (21) elevation difference of 4.98465 and lapse rate value of 0.0098.
DEBUG 8: Correcting the OBS temperature from 281.15 to 281.263 for forecast (11.4622) minus observation (23) elevation difference of -11.5378 and lapse rate value of 0.0098.
DEBUG 8: Correcting the OBS temperature from 280.15 to 280.263 for forecast (11.4622) minus observation (23) elevation difference of -11.5378 and lapse rate value of 0.0098.
DEBUG 8: Correcting the OBS temperature from 272.05 to 271.077 for forecast (1289.28) minus observation (1190) elevation difference of 99.284 and lapse rate value of 0.0098.
DEBUG 8: Correcting the OBS temperature from 278.15 to 275.845 for forecast (952.222) minus observation (717) elevation difference of 235.222 and lapse rate value of 0.0098.
DEBUG 8: Correcting the OBS temperature from 278.15 to 275.845 for forecast (952.222) minus observation (717) elevation difference of 235.222 and lapse rate value of 0.0098.
DEBUG 8: Correcting the OBS temperature from 275.15 to 272.582 for forecast (1882) minus observation (1620) elevation difference of 262.003 and lapse rate value of 0.0098.
DEBUG 8: Correcting the OBS temperature from 275.15 to 272.582 for forecast (1882) minus observation (1620) elevation difference of 262.003 and lapse rate value of 0.0098.
DEBUG 8: Correcting the OBS temperature from 282.55 to 281.044 for forecast (1027.71) minus observation (874) elevation difference of 153.708 and lapse rate value of 0.0098.
DEBUG 8: Correcting the OBS temperature from 274.25 to 273.468 for forecast (1350.84) minus observation (1271) elevation difference of 79.8401 and lapse rate value of 0.0098.
DEBUG 8: Correcting the OBS temperature from 275.15 to 275.019 for forecast (753.322) minus observation (740) elevation difference of 13.3221 and lapse rate value of 0.0098.
DEBUG 8: Correcting the OBS temperature from 276.15 to 276.019 for forecast (753.322) minus observation (740) elevation difference of 13.3221 and lapse rate value of 0.0098.
DEBUG 8: Correcting the OBS temperature from 282.15 to 281.844 for forecast (183.258) minus observation (152) elevation difference of 31.2575 and lapse rate value of 0.0098.
DEBUG 8: Correcting the OBS temperature from 283.15 to 283.158 for forecast (159.229) minus observation (160) elevation difference of -0.771281 and lapse rate value of 0.0098.
DEBUG 8: Correcting the OBS temperature from 276.45 to 275.187 for forecast (930.928) minus observation (802) elevation difference of 128.928 and lapse rate value of 0.0098.
DEBUG 8: Correcting the OBS temperature from 280.15 to 279.639 for forecast (928.174) minus observation (876) elevation difference of 52.1741 and lapse rate value of 0.0098.
DEBUG 8: Correcting the OBS temperature from 280.15 to 279.639 for forecast (928.174) minus observation (876) elevation difference of 52.1741 and lapse rate value of 0.0098.
DEBUG 8: Correcting the OBS temperature from 277.55 to 276.837 for forecast (145.737) minus observation (73) elevation difference of 72.7368 and lapse rate value of 0.0098.
DEBUG 8: Correcting the OBS temperature from 278.15 to 277.768 for forecast (173.944) minus observation (135) elevation difference of 38.9443 and lapse rate value of 0.0098.
DEBUG 8: Correcting the OBS temperature from 277.15 to 276.768 for forecast (173.944) minus observation (135) elevation difference of 38.9443 and lapse rate value of 0.0098.
DEBUG 8: Correcting the OBS temperature from 279.25 to 277.159 for forecast (239.366) minus observation (26) elevation difference of 213.366 and lapse rate value of 0.0098.
DEBUG 8: Correcting the OBS temperature from 278.15 to 278.084 for forecast (26.7829) minus observation (20) elevation difference of 6.78288 and lapse rate value of 0.0098.
DEBUG 8: Correcting the OBS temperature from 279.15 to 279.084 for forecast (26.7829) minus observation (20) elevation difference of 6.78288 and lapse rate value of 0.0098.
DEBUG 8: Correcting the OBS temperature from 281.15 to 280.287 for forecast (89.0534) minus observation (1) elevation difference of 88.0534 and lapse rate value of 0.0098.
DEBUG 8: Correcting the OBS temperature from 281.15 to 280.287 for forecast (89.0534) minus observation (1) elevation difference of 88.0534 and lapse rate value of 0.0098.
DEBUG 8: Correcting the OBS temperature from 280.15 to 280.263 for forecast (11.4622) minus observation (23) elevation difference of -11.5378 and lapse rate value of 0.0098.
DEBUG 8: Correcting the OBS temperature from 281.15 to 281.263 for forecast (11.4622) minus observation (23) elevation difference of -11.5378 and lapse rate value of 0.0098.
DEBUG 8: Correcting the OBS temperature from 282.05 to 283.213 for forecast (1492.32) minus observation (1611) elevation difference of -118.676 and lapse rate value of 0.0098.
DEBUG 8: Correcting the OBS temperature from 269.15 to 266.315 for forecast (2087.33) minus observation (1798) elevation difference of 289.334 and lapse rate value of 0.0098.
DEBUG 8: Correcting the OBS temperature from 269.15 to 266.315 for forecast (2087.33) minus observation (1798) elevation difference of 289.334 and lapse rate value of 0.0098.
DEBUG 8: Correcting the OBS temperature from 278.15 to 275.845 for forecast (952.222) minus observation (717) elevation difference of 235.222 and lapse rate value of 0.0098.
DEBUG 8: Correcting the OBS temperature from 274.85 to 270.117 for forecast (1562.94) minus observation (1080) elevation difference of 482.938 and lapse rate value of 0.0098.
DEBUG 8: Correcting the OBS temperature from 275.15 to 272.582 for forecast (1882) minus observation (1620) elevation difference of 262.003 and lapse rate value of 0.0098.
DEBUG 8: Correcting the OBS temperature from 276.15 to 276.019 for forecast (753.322) minus observation (740) elevation difference of 13.3221 and lapse rate value of 0.0098.
DEBUG 8: Correcting the OBS temperature from 286.15 to 285.193 for forecast (119.637) minus observation (22) elevation difference of 97.637 and lapse rate value of 0.0098.
DEBUG 8: Correcting the OBS temperature from 288.15 to 287.898 for forecast (146.733) minus observation (121) elevation difference of 25.7335 and lapse rate value of 0.0098.
DEBUG 8: Correcting the OBS temperature from 284.85 to 282.483 for forecast (277.557) minus observation (36) elevation difference of 241.557 and lapse rate value of 0.0098.
DEBUG 8: Correcting the OBS temperature from 279.15 to 278.639 for forecast (928.174) minus observation (876) elevation difference of 52.1741 and lapse rate value of 0.0098.
DEBUG 8: Correcting the OBS temperature from 290.35 to 289.53 for forecast (385.693) minus observation (302) elevation difference of 83.6928 and lapse rate value of 0.0098.
DEBUG 8: Correcting the OBS temperature from 274.25 to 273.269 for forecast (355.067) minus observation (255) elevation difference of 100.067 and lapse rate value of 0.0098.
DEBUG 8: Correcting the OBS temperature from 278.15 to 277.768 for forecast (173.944) minus observation (135) elevation difference of 38.9443 and lapse rate value of 0.0098.
DEBUG 8: Correcting the OBS temperature from 278.15 to 278.084 for forecast (26.7829) minus observation (20) elevation difference of 6.78288 and lapse rate value of 0.0098.
DEBUG 8: Correcting the OBS temperature from 281.15 to 280.287 for forecast (89.0534) minus observation (1) elevation difference of 88.0534 and lapse rate value of 0.0098.
DEBUG 8: Correcting the OBS temperature from 280.15 to 279.287 for forecast (89.0534) minus observation (1) elevation difference of 88.0534 and lapse rate value of 0.0098.
DEBUG 8: Correcting the OBS temperature from 280.45 to 280.213 for forecast (43.1589) minus observation (19) elevation difference of 24.1589 and lapse rate value of 0.0098.
DEBUG 8: Correcting the OBS temperature from 268.15 to 265.315 for forecast (2087.33) minus observation (1798) elevation difference of 289.334 and lapse rate value of 0.0098.
DEBUG 8: Correcting the OBS temperature from 279.25 to 277.643 for forecast (323.973) minus observation (160) elevation difference of 163.973 and lapse rate value of 0.0098.
DEBUG 8: Correcting the OBS temperature from 282.15 to 281.717 for forecast (48.2148) minus observation (4) elevation difference of 44.2148 and lapse rate value of 0.0098.
DEBUG 8: Correcting the OBS temperature from 286.45 to 286.646 for forecast (-6.98568) minus observation (13) elevation difference of -19.9857 and lapse rate value of 0.0098.
DEBUG 8: Correcting the OBS temperature from 282.05 to 281.59 for forecast (73.908) minus observation (27) elevation difference of 46.908 and lapse rate value of 0.0098.
DEBUG 8: Correcting the OBS temperature from 293.15 to 287.099 for forecast (758.499) minus observation (141) elevation difference of 617.499 and lapse rate value of 0.0098.
DEBUG 8: Correcting the OBS temperature from 282.55 to 281.965 for forecast (112.697) minus observation (53) elevation difference of 59.6966 and lapse rate value of 0.0098.
DEBUG 8: Correcting the OBS temperature from 284.85 to 284.255 for forecast (347.738) minus observation (287) elevation difference of 60.7377 and lapse rate value of 0.0098.
DEBUG 8: Correcting the OBS temperature from 279.85 to 278.899 for forecast (871.045) minus observation (774) elevation difference of 97.0453 and lapse rate value of 0.0098.
DEBUG 8: Correcting the OBS temperature from 277.15 to 276.1 for forecast (134.157) minus observation (27) elevation difference of 107.157 and lapse rate value of 0.0098.
DEBUG 8: Correcting the OBS temperature from 277.15 to 276.1 for forecast (134.157) minus observation (27) elevation difference of 107.157 and lapse rate value of 0.0098.
DEBUG 8: Correcting the OBS temperature from 283.75 to 283.912 for forecast (83.517) minus observation (100) elevation difference of -16.483 and lapse rate value of 0.0098.
DEBUG 8: Correcting the OBS temperature from 278.15 to 277.393 for forecast (112.28) minus observation (35) elevation difference of 77.2805 and lapse rate value of 0.0098.
DEBUG 8: Correcting the OBS temperature from 270.95 to 268.527 for forecast (2156.22) minus observation (1909) elevation difference of 247.225 and lapse rate value of 0.0098.
DEBUG 8: Correcting the OBS temperature from 282.15 to 281.534 for forecast (99.8175) minus observation (37) elevation difference of 62.8175 and lapse rate value of 0.0098.
DEBUG 8: Correcting the OBS temperature from 281.15 to 280.534 for forecast (99.8175) minus observation (37) elevation difference of 62.8175 and lapse rate value of 0.0098.
DEBUG 8: Correcting the OBS temperature from 282.15 to 283.378 for forecast (341.736) minus observation (467) elevation difference of -125.264 and lapse rate value of 0.0098.
DEBUG 8: Correcting the OBS temperature from 284.15 to 285.378 for forecast (341.736) minus observation (467) elevation difference of -125.264 and lapse rate value of 0.0098.
DEBUG 8: Correcting the OBS temperature from 282.05 to 280.713 for forecast (202.426) minus observation (66) elevation difference of 136.426 and lapse rate value of 0.0098.
DEBUG 8: Correcting the OBS temperature from 282.05 to 281.342 for forecast (89.2412) minus observation (17) elevation difference of 72.2412 and lapse rate value of 0.0098.
DEBUG 8: Correcting the OBS temperature from 288.15 to 288.566 for forecast (-25.4011) minus observation (17) elevation difference of -42.4011 and lapse rate value of 0.0098.
DEBUG 8: Correcting the OBS temperature from 277.15 to 276.1 for forecast (134.157) minus observation (27) elevation difference of 107.157 and lapse rate value of 0.0098.
DEBUG 8: Correcting the OBS temperature from 278.15 to 278.598 for forecast (66.2673) minus observation (112) elevation difference of -45.7327 and lapse rate value of 0.0098.
DEBUG 8: Correcting the OBS temperature from 282.55 to 284.482 for forecast (1181.86) minus observation (1379) elevation difference of -197.142 and lapse rate value of 0.0098.
DEBUG 8: Correcting the OBS temperature from 275.95 to 273.899 for forecast (273.324) minus observation (64) elevation difference of 209.324 and lapse rate value of 0.0098.
DEBUG 8: Correcting the OBS temperature from 288.75 to 287.361 for forecast (857.754) minus observation (716) elevation difference of 141.754 and lapse rate value of 0.0098.
DEBUG 8: Correcting the OBS temperature from 281.15 to 280.534 for forecast (99.8175) minus observation (37) elevation difference of 62.8175 and lapse rate value of 0.0098.
DEBUG 8: Correcting the OBS temperature from 284.15 to 285.378 for forecast (341.736) minus observation (467) elevation difference of -125.264 and lapse rate value of 0.0098.
DEBUG 8: Correcting the OBS temperature from 269.25 to 267.243 for forecast (1519.84) minus observation (1315) elevation difference of 204.842 and lapse rate value of 0.0098.
DEBUG 8: Correcting the OBS temperature from 281.15 to 281.684 for forecast (858.524) minus observation (913) elevation difference of -54.4763 and lapse rate value of 0.0098.
DEBUG 2: 
DEBUG 2: --------------------------------------------------------------------------------
DEBUG 2: 
DEBUG 2: Processing ensemble member file: /d1/projects/MET/MET_test_data/unit_test/model_data/grib1/arw-fer-gep5/arw-fer-gep5_2012040912_F012.grib
DEBUG 4: Met2dDataFileFactory::new_met_2d_data_file() -> created new Met2dDataFile object of type "FileType_Gb1".
DEBUG 4: 
DEBUG 4: Stereographic Grid Data:
DEBUG 4:   hemisphere: N
DEBUG 4:    scale_lat: 60
DEBUG 4:      lat_pin: 31.357
DEBUG 4:      lon_pin: 129.77
DEBUG 4:        x_pin: 0
DEBUG 4:        y_pin: 0
DEBUG 4:   lon_orient: 120.5
DEBUG 4:         d_km: 10.395
DEBUG 4:        dy_km: 10.395
DEBUG 4:         r_km: 6371.2
DEBUG 4:           nx: 169
DEBUG 4:           ny: 154
DEBUG 4: 
DEBUG 3: MetGrib1DataFile::data_plane_array() -> Found exact match for VarInfo "TMP/Z2" in GRIB record 152 of GRIB file "/d1/projects/MET/MET_test_data/unit_test/model_data/grib1/arw-fer-gep5/arw-fer-gep5_2012040912_F012.grib".
DEBUG 4: 
DEBUG 4: Grid information:
DEBUG 4:    Projection: Stereographic
DEBUG 4:    Nx: 169
DEBUG 4:    Ny: 154
DEBUG 4:    IsNorthHemisphere: true
DEBUG 4:    Lon_orient: 120.500
DEBUG 4:    Bx: 103.479
DEBUG 4:    By: 633.993
DEBUG 4:    Alpha: 1143.7057
DEBUG 4: 
DEBUG 4: Data plane information:
DEBUG 4:    plane min: 273.144
DEBUG 4:    plane max: 306.122
DEBUG 4:    valid time: 20120410_000000
DEBUG 4:    lead time: 120000
DEBUG 4:    init time: 20120409_120000
DEBUG 4:    accum time: 000000
DEBUG 4: 
DEBUG 3: MetGrib1DataFile::data_plane_array() -> Found 1 GRIB records matching VarInfo "TMP/Z2" in GRIB file "/d1/projects/MET/MET_test_data/unit_test/model_data/grib1/arw-fer-gep5/arw-fer-gep5_2012040912_F012.grib".
DEBUG 2: For TMP/Z2 found 1 forecast levels.
DEBUG 8: Correcting the OBS temperature from 284.335 to 284.42 for forecast (3.32829) minus observation (12) elevation difference of -8.67171 and lapse rate value of 0.0098.
DEBUG 8: Correcting the OBS temperature from 282.194 to 282.338 for forecast (59.2814) minus observation (74) elevation difference of -14.7186 and lapse rate value of 0.0098.
DEBUG 8: Correcting the OBS temperature from 279.449 to 279.647 for forecast (51.7402) minus observation (72) elevation difference of -20.2598 and lapse rate value of 0.0098.
DEBUG 8: Correcting the OBS temperature from 277.688 to 277.826 for forecast (62.9403) minus observation (77) elevation difference of -14.0597 and lapse rate value of 0.0098.
DEBUG 8: Correcting the OBS temperature from 279.06 to 277.171 for forecast (1201.83) minus observation (1009) elevation difference of 192.83 and lapse rate value of 0.0098.
DEBUG 8: Correcting the OBS temperature from 263.923 to 259.696 for forecast (2604.33) minus observation (2173) elevation difference of 431.334 and lapse rate value of 0.0098.
DEBUG 8: Correcting the OBS temperature from 264.923 to 260.696 for forecast (2604.33) minus observation (2173) elevation difference of 431.334 and lapse rate value of 0.0098.
DEBUG 8: Correcting the OBS temperature from 278.063 to 277.976 for forecast (654.854) minus observation (646) elevation difference of 8.85423 and lapse rate value of 0.0098.
DEBUG 8: Correcting the OBS temperature from 279.063 to 278.976 for forecast (654.854) minus observation (646) elevation difference of 8.85423 and lapse rate value of 0.0098.
DEBUG 8: Correcting the OBS temperature from 274.325 to 273.3 for forecast (1758.6) minus observation (1654) elevation difference of 104.6 and lapse rate value of 0.0098.
DEBUG 8: Correcting the OBS temperature from 281.554 to 281.659 for forecast (-3.6563) minus observation (7) elevation difference of -10.6563 and lapse rate value of 0.0098.
DEBUG 8: Correcting the OBS temperature from 281.453 to 281.456 for forecast (18.7) minus observation (19) elevation difference of -0.300049 and lapse rate value of 0.0098.
DEBUG 8: Correcting the OBS temperature from 277.67 to 274.989 for forecast (460.506) minus observation (187) elevation difference of 273.506 and lapse rate value of 0.0098.
DEBUG 8: Correcting the OBS temperature from 271.245 to 267.339 for forecast (1830.51) minus observation (1432) elevation difference of 398.508 and lapse rate value of 0.0098.
DEBUG 8: Correcting the OBS temperature from 269.245 to 265.339 for forecast (1830.51) minus observation (1432) elevation difference of 398.508 and lapse rate value of 0.0098.
DEBUG 8: Correcting the OBS temperature from 282.924 to 282.699 for forecast (82.0101) minus observation (59) elevation difference of 23.0101 and lapse rate value of 0.0098.
DEBUG 8: Correcting the OBS temperature from 272.483 to 270.716 for forecast (1992.31) minus observation (1812) elevation difference of 180.312 and lapse rate value of 0.0098.
DEBUG 8: Correcting the OBS temperature from 283.065 to 282.98 for forecast (161.684) minus observation (153) elevation difference of 8.68373 and lapse rate value of 0.0098.
DEBUG 8: Correcting the OBS temperature from 275.287 to 275.223 for forecast (1271.46) minus observation (1265) elevation difference of 6.45755 and lapse rate value of 0.0098.
DEBUG 8: Correcting the OBS temperature from 273.527 to 273.304 for forecast (1257.75) minus observation (1235) elevation difference of 22.7488 and lapse rate value of 0.0098.
DEBUG 8: Correcting the OBS temperature from 283.219 to 288.288 for forecast (653.741) minus observation (1171) elevation difference of -517.259 and lapse rate value of 0.0098.
DEBUG 8: Correcting the OBS temperature from 285.814 to 285.679 for forecast (21.8479) minus observation (8) elevation difference of 13.8479 and lapse rate value of 0.0098.
DEBUG 8: Correcting the OBS temperature from 282.563 to 281.376 for forecast (370.101) minus observation (249) elevation difference of 121.101 and lapse rate value of 0.0098.
DEBUG 8: Correcting the OBS temperature from 277.114 to 276.678 for forecast (46.4791) minus observation (2) elevation difference of 44.4791 and lapse rate value of 0.0098.
DEBUG 8: Correcting the OBS temperature from 280.658 to 280.365 for forecast (42.8431) minus observation (13) elevation difference of 29.8431 and lapse rate value of 0.0098.
DEBUG 8: Correcting the OBS temperature from 281.795 to 281.041 for forecast (321.008) minus observation (244) elevation difference of 77.0079 and lapse rate value of 0.0098.
DEBUG 8: Correcting the OBS temperature from 284.176 to 282.402 for forecast (853.006) minus observation (672) elevation difference of 181.006 and lapse rate value of 0.0098.
DEBUG 8: Correcting the OBS temperature from 280.87 to 280.791 for forecast (56.1324) minus observation (48) elevation difference of 8.1324 and lapse rate value of 0.0098.
DEBUG 8: Correcting the OBS temperature from 278.877 to 276.804 for forecast (229.553) minus observation (18) elevation difference of 211.553 and lapse rate value of 0.0098.
DEBUG 8: Correcting the OBS temperature from 279.311 to 279.472 for forecast (40.5773) minus observation (57) elevation difference of -16.4227 and lapse rate value of 0.0098.
DEBUG 8: Correcting the OBS temperature from 279.311 to 279.472 for forecast (40.5773) minus observation (57) elevation difference of -16.4227 and lapse rate value of 0.0098.
DEBUG 8: Correcting the OBS temperature from 263.923 to 259.696 for forecast (2604.33) minus observation (2173) elevation difference of 431.334 and lapse rate value of 0.0098.
DEBUG 8: Correcting the OBS temperature from 278.063 to 277.976 for forecast (654.854) minus observation (646) elevation difference of 8.85423 and lapse rate value of 0.0098.
DEBUG 8: Correcting the OBS temperature from 269.245 to 265.339 for forecast (1830.51) minus observation (1432) elevation difference of 398.508 and lapse rate value of 0.0098.
DEBUG 8: Correcting the OBS temperature from 281.516 to 281.582 for forecast (101.253) minus observation (108) elevation difference of -6.74717 and lapse rate value of 0.0098.
DEBUG 8: Correcting the OBS temperature from 276.122 to 276.093 for forecast (775.896) minus observation (773) elevation difference of 2.8964 and lapse rate value of 0.0098.
DEBUG 8: Correcting the OBS temperature from 277.122 to 277.093 for forecast (775.896) minus observation (773) elevation difference of 2.8964 and lapse rate value of 0.0098.
DEBUG 8: Correcting the OBS temperature from 276.017 to 275.584 for forecast (712.201) minus observation (668) elevation difference of 44.2007 and lapse rate value of 0.0098.
DEBUG 8: Correcting the OBS temperature from 273.059 to 272.969 for forecast (1064.24) minus observation (1055) elevation difference of 9.24469 and lapse rate value of 0.0098.
DEBUG 8: Correcting the OBS temperature from 274.059 to 273.969 for forecast (1064.24) minus observation (1055) elevation difference of 9.24469 and lapse rate value of 0.0098.
DEBUG 8: Correcting the OBS temperature from 279.141 to 278.431 for forecast (186.391) minus observation (114) elevation difference of 72.3907 and lapse rate value of 0.0098.
DEBUG 8: Correcting the OBS temperature from 262.976 to 259.501 for forecast (2334.52) minus observation (1980) elevation difference of 354.519 and lapse rate value of 0.0098.
DEBUG 8: Correcting the OBS temperature from 272.634 to 272.719 for forecast (929.387) minus observation (938) elevation difference of -8.61339 and lapse rate value of 0.0098.
DEBUG 8: Correcting the OBS temperature from 282.946 to 282.741 for forecast (27.8497) minus observation (7) elevation difference of 20.8497 and lapse rate value of 0.0098.
DEBUG 8: Correcting the OBS temperature from 275.209 to 273.968 for forecast (551.639) minus observation (425) elevation difference of 126.639 and lapse rate value of 0.0098.
DEBUG 8: Correcting the OBS temperature from 284.201 to 284.652 for forecast (53.9755) minus observation (100) elevation difference of -46.0245 and lapse rate value of 0.0098.
DEBUG 8: Correcting the OBS temperature from 273.238 to 271.326 for forecast (400.085) minus observation (205) elevation difference of 195.085 and lapse rate value of 0.0098.
DEBUG 8: Correcting the OBS temperature from 273.238 to 271.326 for forecast (400.085) minus observation (205) elevation difference of 195.085 and lapse rate value of 0.0098.
DEBUG 8: Correcting the OBS temperature from 281.866 to 279.982 for forecast (779.263) minus observation (587) elevation difference of 192.263 and lapse rate value of 0.0098.
DEBUG 8: Correcting the OBS temperature from 278.804 to 278.359 for forecast (747.471) minus observation (702) elevation difference of 45.4714 and lapse rate value of 0.0098.
DEBUG 8: Correcting the OBS temperature from 284.946 to 285.141 for forecast (729.034) minus observation (749) elevation difference of -19.9657 and lapse rate value of 0.0098.
DEBUG 8: Correcting the OBS temperature from 285.671 to 284.291 for forecast (804.745) minus observation (664) elevation difference of 140.745 and lapse rate value of 0.0098.
DEBUG 8: Correcting the OBS temperature from 279.311 to 279.472 for forecast (40.5773) minus observation (57) elevation difference of -16.4227 and lapse rate value of 0.0098.
DEBUG 8: Correcting the OBS temperature from 266.989 to 263.628 for forecast (2251.95) minus observation (1909) elevation difference of 342.947 and lapse rate value of 0.0098.
DEBUG 8: Correcting the OBS temperature from 277.122 to 277.093 for forecast (775.896) minus observation (773) elevation difference of 2.8964 and lapse rate value of 0.0098.
DEBUG 8: Correcting the OBS temperature from 273.059 to 272.969 for forecast (1064.24) minus observation (1055) elevation difference of 9.24469 and lapse rate value of 0.0098.
DEBUG 8: Correcting the OBS temperature from 290.382 to 290.414 for forecast (61.7106) minus observation (65) elevation difference of -3.28943 and lapse rate value of 0.0098.
DEBUG 8: Correcting the OBS temperature from 281.712 to 281.974 for forecast (101.266) minus observation (128) elevation difference of -26.734 and lapse rate value of 0.0098.
DEBUG 8: Correcting the OBS temperature from 293.314 to 297.877 for forecast (22.3333) minus observation (488) elevation difference of -465.667 and lapse rate value of 0.0098.
DEBUG 8: Correcting the OBS temperature from 275.043 to 273.635 for forecast (306.62) minus observation (163) elevation difference of 143.62 and lapse rate value of 0.0098.
DEBUG 8: Correcting the OBS temperature from 283.728 to 283.706 for forecast (21.2687) minus observation (19) elevation difference of 2.2687 and lapse rate value of 0.0098.
DEBUG 8: Correcting the OBS temperature from 283.884 to 284.017 for forecast (18.3757) minus observation (32) elevation difference of -13.6243 and lapse rate value of 0.0098.
DEBUG 8: Correcting the OBS temperature from 273.376 to 276.602 for forecast (1728.84) minus observation (2058) elevation difference of -329.162 and lapse rate value of 0.0098.
DEBUG 8: Correcting the OBS temperature from 273.376 to 276.602 for forecast (1728.84) minus observation (2058) elevation difference of -329.162 and lapse rate value of 0.0098.
DEBUG 8: Correcting the OBS temperature from 284.067 to 282.783 for forecast (756.964) minus observation (626) elevation difference of 130.964 and lapse rate value of 0.0098.
DEBUG 8: Correcting the OBS temperature from 273.238 to 271.326 for forecast (400.085) minus observation (205) elevation difference of 195.085 and lapse rate value of 0.0098.
DEBUG 8: Correcting the OBS temperature from 279.322 to 279.394 for forecast (69.6357) minus observation (77) elevation difference of -7.36433 and lapse rate value of 0.0098.
DEBUG 8: Correcting the OBS temperature from 277.225 to 276.3 for forecast (95.3984) minus observation (1) elevation difference of 94.3984 and lapse rate value of 0.0098.
DEBUG 8: Correcting the OBS temperature from 278.225 to 277.3 for forecast (95.3984) minus observation (1) elevation difference of 94.3984 and lapse rate value of 0.0098.
DEBUG 8: Correcting the OBS temperature from 277.376 to 276.602 for forecast (88.9592) minus observation (10) elevation difference of 78.9592 and lapse rate value of 0.0098.
DEBUG 8: Correcting the OBS temperature from 277.353 to 276.557 for forecast (109.296) minus observation (28) elevation difference of 81.2958 and lapse rate value of 0.0098.
DEBUG 8: Correcting the OBS temperature from 277.353 to 276.557 for forecast (109.296) minus observation (28) elevation difference of 81.2958 and lapse rate value of 0.0098.
DEBUG 8: Correcting the OBS temperature from 263.109 to 257.469 for forecast (2642.58) minus observation (2067) elevation difference of 575.582 and lapse rate value of 0.0098.
DEBUG 8: Correcting the OBS temperature from 282.078 to 281.007 for forecast (182.347) minus observation (73) elevation difference of 109.347 and lapse rate value of 0.0098.
DEBUG 8: Correcting the OBS temperature from 283.078 to 282.007 for forecast (182.347) minus observation (73) elevation difference of 109.347 and lapse rate value of 0.0098.
DEBUG 8: Correcting the OBS temperature from 275.061 to 274.171 for forecast (1337.75) minus observation (1247) elevation difference of 90.7522 and lapse rate value of 0.0098.
DEBUG 8: Correcting the OBS temperature from 285.291 to 285.731 for forecast (84.0405) minus observation (129) elevation difference of -44.9595 and lapse rate value of 0.0098.
DEBUG 8: Correcting the OBS temperature from 275.814 to 274.579 for forecast (150.072) minus observation (24) elevation difference of 126.072 and lapse rate value of 0.0098.
DEBUG 8: Correcting the OBS temperature from 282.126 to 282.101 for forecast (13.4988) minus observation (11) elevation difference of 2.49883 and lapse rate value of 0.0098.
DEBUG 8: Correcting the OBS temperature from 283.935 to 283.62 for forecast (61.1372) minus observation (29) elevation difference of 32.1372 and lapse rate value of 0.0098.
DEBUG 8: Correcting the OBS temperature from 277.997 to 278.045 for forecast (464.167) minus observation (469) elevation difference of -4.83295 and lapse rate value of 0.0098.
DEBUG 8: Correcting the OBS temperature from 283.072 to 282.994 for forecast (63.958) minus observation (56) elevation difference of 7.95801 and lapse rate value of 0.0098.
DEBUG 8: Correcting the OBS temperature from 273.376 to 276.602 for forecast (1728.84) minus observation (2058) elevation difference of -329.162 and lapse rate value of 0.0098.
DEBUG 8: Correcting the OBS temperature from 275.174 to 272.797 for forecast (245.487) minus observation (3) elevation difference of 242.487 and lapse rate value of 0.0098.
DEBUG 8: Correcting the OBS temperature from 287.589 to 286.828 for forecast (1038.67) minus observation (961) elevation difference of 77.6706 and lapse rate value of 0.0098.
DEBUG 8: Correcting the OBS temperature from 280.271 to 279.092 for forecast (816.298) minus observation (696) elevation difference of 120.298 and lapse rate value of 0.0098.
DEBUG 8: Correcting the OBS temperature from 274.852 to 272.555 for forecast (304.461) minus observation (70) elevation difference of 234.461 and lapse rate value of 0.0098.
DEBUG 8: Correcting the OBS temperature from 277.225 to 276.3 for forecast (95.3984) minus observation (1) elevation difference of 94.3984 and lapse rate value of 0.0098.
DEBUG 8: Correcting the OBS temperature from 279.353 to 278.557 for forecast (109.296) minus observation (28) elevation difference of 81.2958 and lapse rate value of 0.0098.
DEBUG 8: Correcting the OBS temperature from 284.078 to 283.007 for forecast (182.347) minus observation (73) elevation difference of 109.347 and lapse rate value of 0.0098.
DEBUG 8: Correcting the OBS temperature from 273.276 to 271.203 for forecast (1018.6) minus observation (807) elevation difference of 211.604 and lapse rate value of 0.0098.
DEBUG 8: Correcting the OBS temperature from 284.341 to 283.833 for forecast (67.9073) minus observation (16) elevation difference of 51.9073 and lapse rate value of 0.0098.
DEBUG 8: Correcting the OBS temperature from 281.126 to 281.101 for forecast (13.4988) minus observation (11) elevation difference of 2.49883 and lapse rate value of 0.0098.
DEBUG 8: Correcting the OBS temperature from 281.126 to 281.101 for forecast (13.4988) minus observation (11) elevation difference of 2.49883 and lapse rate value of 0.0098.
DEBUG 8: Correcting the OBS temperature from 276.982 to 276.413 for forecast (773.006) minus observation (715) elevation difference of 58.0065 and lapse rate value of 0.0098.
DEBUG 8: Correcting the OBS temperature from 284.637 to 281.125 for forecast (570.426) minus observation (212) elevation difference of 358.426 and lapse rate value of 0.0098.
DEBUG 8: Correcting the OBS temperature from 284.409 to 284.667 for forecast (644.609) minus observation (671) elevation difference of -26.3912 and lapse rate value of 0.0098.
DEBUG 8: Correcting the OBS temperature from 283.409 to 283.667 for forecast (644.609) minus observation (671) elevation difference of -26.3912 and lapse rate value of 0.0098.
DEBUG 8: Correcting the OBS temperature from 272.852 to 270.555 for forecast (304.461) minus observation (70) elevation difference of 234.461 and lapse rate value of 0.0098.
DEBUG 8: Correcting the OBS temperature from 272.852 to 270.555 for forecast (304.461) minus observation (70) elevation difference of 234.461 and lapse rate value of 0.0098.
DEBUG 8: Correcting the OBS temperature from 277.729 to 276.708 for forecast (153.17) minus observation (49) elevation difference of 104.17 and lapse rate value of 0.0098.
DEBUG 8: Correcting the OBS temperature from 281.069 to 281.188 for forecast (-4.14868) minus observation (8) elevation difference of -12.1487 and lapse rate value of 0.0098.
DEBUG 8: Correcting the OBS temperature from 275.666 to 275.383 for forecast (1227.94) minus observation (1199) elevation difference of 28.9394 and lapse rate value of 0.0098.
DEBUG 8: Correcting the OBS temperature from 272.176 to 270.602 for forecast (1725.59) minus observation (1565) elevation difference of 160.59 and lapse rate value of 0.0098.
DEBUG 8: Correcting the OBS temperature from 284.991 to 284.633 for forecast (45.5918) minus observation (9) elevation difference of 36.5918 and lapse rate value of 0.0098.
DEBUG 8: Correcting the OBS temperature from 275.945 to 275.44 for forecast (752.533) minus observation (701) elevation difference of 51.5329 and lapse rate value of 0.0098.
DEBUG 8: Correcting the OBS temperature from 278.534 to 276.918 for forecast (1013.92) minus observation (849) elevation difference of 164.922 and lapse rate value of 0.0098.
DEBUG 8: Correcting the OBS temperature from 276.534 to 274.918 for forecast (1013.92) minus observation (849) elevation difference of 164.922 and lapse rate value of 0.0098.
DEBUG 8: Correcting the OBS temperature from 283.637 to 280.125 for forecast (570.426) minus observation (212) elevation difference of 358.426 and lapse rate value of 0.0098.
DEBUG 8: Correcting the OBS temperature from 284.409 to 284.667 for forecast (644.609) minus observation (671) elevation difference of -26.3912 and lapse rate value of 0.0098.
DEBUG 8: Correcting the OBS temperature from 281.461 to 281.772 for forecast (57.2762) minus observation (89) elevation difference of -31.7238 and lapse rate value of 0.0098.
DEBUG 8: Correcting the OBS temperature from 280.461 to 280.772 for forecast (57.2762) minus observation (89) elevation difference of -31.7238 and lapse rate value of 0.0098.
DEBUG 8: Correcting the OBS temperature from 276.719 to 274.588 for forecast (1172.42) minus observation (955) elevation difference of 217.425 and lapse rate value of 0.0098.
DEBUG 8: Correcting the OBS temperature from 282.865 to 282.579 for forecast (34.1201) minus observation (5) elevation difference of 29.1201 and lapse rate value of 0.0098.
DEBUG 8: Correcting the OBS temperature from 279.927 to 278.905 for forecast (111.343) minus observation (7) elevation difference of 104.343 and lapse rate value of 0.0098.
DEBUG 8: Correcting the OBS temperature from 278.408 to 276.967 for forecast (185.111) minus observation (38) elevation difference of 147.111 and lapse rate value of 0.0098.
DEBUG 8: Correcting the OBS temperature from 281.065 to 281.18 for forecast (-3.73513) minus observation (8) elevation difference of -11.7351 and lapse rate value of 0.0098.
DEBUG 8: Correcting the OBS temperature from 280.101 to 280.052 for forecast (25.9846) minus observation (21) elevation difference of 4.98465 and lapse rate value of 0.0098.
DEBUG 8: Correcting the OBS temperature from 280.101 to 280.052 for forecast (25.9846) minus observation (21) elevation difference of 4.98465 and lapse rate value of 0.0098.
DEBUG 8: Correcting the OBS temperature from 282.113 to 281.676 for forecast (78.6087) minus observation (34) elevation difference of 44.6087 and lapse rate value of 0.0098.
DEBUG 8: Correcting the OBS temperature from 273.008 to 269.567 for forecast (1692.18) minus observation (1341) elevation difference of 351.178 and lapse rate value of 0.0098.
DEBUG 8: Correcting the OBS temperature from 272.204 to 270.657 for forecast (1490.79) minus observation (1333) elevation difference of 157.79 and lapse rate value of 0.0098.
DEBUG 8: Correcting the OBS temperature from 275.878 to 274.206 for forecast (575.599) minus observation (405) elevation difference of 170.599 and lapse rate value of 0.0098.
DEBUG 8: Correcting the OBS temperature from 276.458 to 275.866 for forecast (1325.39) minus observation (1265) elevation difference of 60.3908 and lapse rate value of 0.0098.
DEBUG 8: Correcting the OBS temperature from 280.697 to 281.544 for forecast (1147.58) minus observation (1234) elevation difference of -86.4164 and lapse rate value of 0.0098.
DEBUG 8: Correcting the OBS temperature from 277.091 to 276.632 for forecast (55.8244) minus observation (9) elevation difference of 46.8244 and lapse rate value of 0.0098.
DEBUG 8: Correcting the OBS temperature from 279.641 to 278.932 for forecast (270.352) minus observation (198) elevation difference of 72.3521 and lapse rate value of 0.0098.
DEBUG 8: Correcting the OBS temperature from 281.481 to 279.813 for forecast (406.276) minus observation (236) elevation difference of 170.276 and lapse rate value of 0.0098.
DEBUG 8: Correcting the OBS temperature from 279.091 to 278.331 for forecast (100.479) minus observation (23) elevation difference of 77.4794 and lapse rate value of 0.0098.
DEBUG 8: Correcting the OBS temperature from 277.534 to 275.918 for forecast (1013.92) minus observation (849) elevation difference of 164.922 and lapse rate value of 0.0098.
DEBUG 8: Correcting the OBS temperature from 283.085 to 283.02 for forecast (156.646) minus observation (150) elevation difference of 6.64619 and lapse rate value of 0.0098.
DEBUG 8: Correcting the OBS temperature from 281.876 to 280.702 for forecast (689.773) minus observation (570) elevation difference of 119.773 and lapse rate value of 0.0098.
DEBUG 8: Correcting the OBS temperature from 280.461 to 280.772 for forecast (57.2762) minus observation (89) elevation difference of -31.7238 and lapse rate value of 0.0098.
DEBUG 8: Correcting the OBS temperature from 266.972 to 260.193 for forecast (1954.66) minus observation (1263) elevation difference of 691.665 and lapse rate value of 0.0098.
DEBUG 8: Correcting the OBS temperature from 280.069 to 278.688 for forecast (152.907) minus observation (12) elevation difference of 140.907 and lapse rate value of 0.0098.
DEBUG 8: Correcting the OBS temperature from 282.736 to 282.923 for forecast (10.9788) minus observation (30) elevation difference of -19.0212 and lapse rate value of 0.0098.
DEBUG 8: Correcting the OBS temperature from 279.079 to 277.807 for forecast (143.724) minus observation (14) elevation difference of 129.724 and lapse rate value of 0.0098.
DEBUG 8: Correcting the OBS temperature from 277.28 to 275.811 for forecast (270.964) minus observation (121) elevation difference of 149.964 and lapse rate value of 0.0098.
DEBUG 8: Correcting the OBS temperature from 280.408 to 279.666 for forecast (78.694) minus observation (3) elevation difference of 75.694 and lapse rate value of 0.0098.
DEBUG 8: Correcting the OBS temperature from 280.708 to 279.966 for forecast (78.694) minus observation (3) elevation difference of 75.694 and lapse rate value of 0.0098.
DEBUG 8: Correcting the OBS temperature from 280.408 to 279.666 for forecast (78.694) minus observation (3) elevation difference of 75.694 and lapse rate value of 0.0098.
DEBUG 8: Correcting the OBS temperature from 279.101 to 279.052 for forecast (25.9846) minus observation (21) elevation difference of 4.98465 and lapse rate value of 0.0098.
DEBUG 8: Correcting the OBS temperature from 281.263 to 281.376 for forecast (11.4622) minus observation (23) elevation difference of -11.5378 and lapse rate value of 0.0098.
DEBUG 8: Correcting the OBS temperature from 280.263 to 280.376 for forecast (11.4622) minus observation (23) elevation difference of -11.5378 and lapse rate value of 0.0098.
DEBUG 8: Correcting the OBS temperature from 271.077 to 270.104 for forecast (1289.28) minus observation (1190) elevation difference of 99.284 and lapse rate value of 0.0098.
DEBUG 8: Correcting the OBS temperature from 275.845 to 273.54 for forecast (952.222) minus observation (717) elevation difference of 235.222 and lapse rate value of 0.0098.
DEBUG 8: Correcting the OBS temperature from 275.845 to 273.54 for forecast (952.222) minus observation (717) elevation difference of 235.222 and lapse rate value of 0.0098.
DEBUG 8: Correcting the OBS temperature from 272.582 to 270.015 for forecast (1882) minus observation (1620) elevation difference of 262.003 and lapse rate value of 0.0098.
DEBUG 8: Correcting the OBS temperature from 272.582 to 270.015 for forecast (1882) minus observation (1620) elevation difference of 262.003 and lapse rate value of 0.0098.
DEBUG 8: Correcting the OBS temperature from 281.044 to 279.537 for forecast (1027.71) minus observation (874) elevation difference of 153.708 and lapse rate value of 0.0098.
DEBUG 8: Correcting the OBS temperature from 273.468 to 272.685 for forecast (1350.84) minus observation (1271) elevation difference of 79.8401 and lapse rate value of 0.0098.
DEBUG 8: Correcting the OBS temperature from 275.019 to 274.889 for forecast (753.322) minus observation (740) elevation difference of 13.3221 and lapse rate value of 0.0098.
DEBUG 8: Correcting the OBS temperature from 276.019 to 275.889 for forecast (753.322) minus observation (740) elevation difference of 13.3221 and lapse rate value of 0.0098.
DEBUG 8: Correcting the OBS temperature from 281.844 to 281.537 for forecast (183.258) minus observation (152) elevation difference of 31.2575 and lapse rate value of 0.0098.
DEBUG 8: Correcting the OBS temperature from 283.158 to 283.165 for forecast (159.229) minus observation (160) elevation difference of -0.771281 and lapse rate value of 0.0098.
DEBUG 8: Correcting the OBS temperature from 275.187 to 273.923 for forecast (930.928) minus observation (802) elevation difference of 128.928 and lapse rate value of 0.0098.
DEBUG 8: Correcting the OBS temperature from 279.639 to 279.127 for forecast (928.174) minus observation (876) elevation difference of 52.1741 and lapse rate value of 0.0098.
DEBUG 8: Correcting the OBS temperature from 279.639 to 279.127 for forecast (928.174) minus observation (876) elevation difference of 52.1741 and lapse rate value of 0.0098.
DEBUG 8: Correcting the OBS temperature from 276.837 to 276.124 for forecast (145.737) minus observation (73) elevation difference of 72.7368 and lapse rate value of 0.0098.
DEBUG 8: Correcting the OBS temperature from 277.768 to 277.387 for forecast (173.944) minus observation (135) elevation difference of 38.9443 and lapse rate value of 0.0098.
DEBUG 8: Correcting the OBS temperature from 276.768 to 276.387 for forecast (173.944) minus observation (135) elevation difference of 38.9443 and lapse rate value of 0.0098.
DEBUG 8: Correcting the OBS temperature from 277.159 to 275.068 for forecast (239.366) minus observation (26) elevation difference of 213.366 and lapse rate value of 0.0098.
DEBUG 8: Correcting the OBS temperature from 278.084 to 278.017 for forecast (26.7829) minus observation (20) elevation difference of 6.78288 and lapse rate value of 0.0098.
DEBUG 8: Correcting the OBS temperature from 279.084 to 279.017 for forecast (26.7829) minus observation (20) elevation difference of 6.78288 and lapse rate value of 0.0098.
DEBUG 8: Correcting the OBS temperature from 280.287 to 279.424 for forecast (89.0534) minus observation (1) elevation difference of 88.0534 and lapse rate value of 0.0098.
DEBUG 8: Correcting the OBS temperature from 280.287 to 279.424 for forecast (89.0534) minus observation (1) elevation difference of 88.0534 and lapse rate value of 0.0098.
DEBUG 8: Correcting the OBS temperature from 280.263 to 280.376 for forecast (11.4622) minus observation (23) elevation difference of -11.5378 and lapse rate value of 0.0098.
DEBUG 8: Correcting the OBS temperature from 281.263 to 281.376 for forecast (11.4622) minus observation (23) elevation difference of -11.5378 and lapse rate value of 0.0098.
DEBUG 8: Correcting the OBS temperature from 283.213 to 284.376 for forecast (1492.32) minus observation (1611) elevation difference of -118.676 and lapse rate value of 0.0098.
DEBUG 8: Correcting the OBS temperature from 266.315 to 263.479 for forecast (2087.33) minus observation (1798) elevation difference of 289.334 and lapse rate value of 0.0098.
DEBUG 8: Correcting the OBS temperature from 266.315 to 263.479 for forecast (2087.33) minus observation (1798) elevation difference of 289.334 and lapse rate value of 0.0098.
DEBUG 8: Correcting the OBS temperature from 275.845 to 273.54 for forecast (952.222) minus observation (717) elevation difference of 235.222 and lapse rate value of 0.0098.
DEBUG 8: Correcting the OBS temperature from 270.117 to 265.384 for forecast (1562.94) minus observation (1080) elevation difference of 482.938 and lapse rate value of 0.0098.
DEBUG 8: Correcting the OBS temperature from 272.582 to 270.015 for forecast (1882) minus observation (1620) elevation difference of 262.003 and lapse rate value of 0.0098.
DEBUG 8: Correcting the OBS temperature from 276.019 to 275.889 for forecast (753.322) minus observation (740) elevation difference of 13.3221 and lapse rate value of 0.0098.
DEBUG 8: Correcting the OBS temperature from 285.193 to 284.236 for forecast (119.637) minus observation (22) elevation difference of 97.637 and lapse rate value of 0.0098.
DEBUG 8: Correcting the OBS temperature from 287.898 to 287.646 for forecast (146.733) minus observation (121) elevation difference of 25.7335 and lapse rate value of 0.0098.
DEBUG 8: Correcting the OBS temperature from 282.483 to 280.115 for forecast (277.557) minus observation (36) elevation difference of 241.557 and lapse rate value of 0.0098.
DEBUG 8: Correcting the OBS temperature from 278.639 to 278.127 for forecast (928.174) minus observation (876) elevation difference of 52.1741 and lapse rate value of 0.0098.
DEBUG 8: Correcting the OBS temperature from 289.53 to 288.71 for forecast (385.693) minus observation (302) elevation difference of 83.6928 and lapse rate value of 0.0098.
DEBUG 8: Correcting the OBS temperature from 273.269 to 272.289 for forecast (355.067) minus observation (255) elevation difference of 100.067 and lapse rate value of 0.0098.
DEBUG 8: Correcting the OBS temperature from 277.768 to 277.387 for forecast (173.944) minus observation (135) elevation difference of 38.9443 and lapse rate value of 0.0098.
DEBUG 8: Correcting the OBS temperature from 278.084 to 278.017 for forecast (26.7829) minus observation (20) elevation difference of 6.78288 and lapse rate value of 0.0098.
DEBUG 8: Correcting the OBS temperature from 280.287 to 279.424 for forecast (89.0534) minus observation (1) elevation difference of 88.0534 and lapse rate value of 0.0098.
DEBUG 8: Correcting the OBS temperature from 279.287 to 278.424 for forecast (89.0534) minus observation (1) elevation difference of 88.0534 and lapse rate value of 0.0098.
DEBUG 8: Correcting the OBS temperature from 280.213 to 279.976 for forecast (43.1589) minus observation (19) elevation difference of 24.1589 and lapse rate value of 0.0098.
DEBUG 8: Correcting the OBS temperature from 265.315 to 262.479 for forecast (2087.33) minus observation (1798) elevation difference of 289.334 and lapse rate value of 0.0098.
DEBUG 8: Correcting the OBS temperature from 277.643 to 276.036 for forecast (323.973) minus observation (160) elevation difference of 163.973 and lapse rate value of 0.0098.
DEBUG 8: Correcting the OBS temperature from 281.717 to 281.283 for forecast (48.2148) minus observation (4) elevation difference of 44.2148 and lapse rate value of 0.0098.
DEBUG 8: Correcting the OBS temperature from 286.646 to 286.842 for forecast (-6.98568) minus observation (13) elevation difference of -19.9857 and lapse rate value of 0.0098.
DEBUG 8: Correcting the OBS temperature from 281.59 to 281.131 for forecast (73.908) minus observation (27) elevation difference of 46.908 and lapse rate value of 0.0098.
DEBUG 8: Correcting the OBS temperature from 287.099 to 281.047 for forecast (758.499) minus observation (141) elevation difference of 617.499 and lapse rate value of 0.0098.
DEBUG 8: Correcting the OBS temperature from 281.965 to 281.38 for forecast (112.697) minus observation (53) elevation difference of 59.6966 and lapse rate value of 0.0098.
DEBUG 8: Correcting the OBS temperature from 284.255 to 283.66 for forecast (347.738) minus observation (287) elevation difference of 60.7377 and lapse rate value of 0.0098.
DEBUG 8: Correcting the OBS temperature from 278.899 to 277.948 for forecast (871.045) minus observation (774) elevation difference of 97.0453 and lapse rate value of 0.0098.
DEBUG 8: Correcting the OBS temperature from 276.1 to 275.05 for forecast (134.157) minus observation (27) elevation difference of 107.157 and lapse rate value of 0.0098.
DEBUG 8: Correcting the OBS temperature from 276.1 to 275.05 for forecast (134.157) minus observation (27) elevation difference of 107.157 and lapse rate value of 0.0098.
DEBUG 8: Correcting the OBS temperature from 283.912 to 284.073 for forecast (83.517) minus observation (100) elevation difference of -16.483 and lapse rate value of 0.0098.
DEBUG 8: Correcting the OBS temperature from 277.393 to 276.635 for forecast (112.28) minus observation (35) elevation difference of 77.2805 and lapse rate value of 0.0098.
DEBUG 8: Correcting the OBS temperature from 268.527 to 266.104 for forecast (2156.22) minus observation (1909) elevation difference of 247.225 and lapse rate value of 0.0098.
DEBUG 8: Correcting the OBS temperature from 281.534 to 280.919 for forecast (99.8175) minus observation (37) elevation difference of 62.8175 and lapse rate value of 0.0098.
DEBUG 8: Correcting the OBS temperature from 280.534 to 279.919 for forecast (99.8175) minus observation (37) elevation difference of 62.8175 and lapse rate value of 0.0098.
DEBUG 8: Correcting the OBS temperature from 283.378 to 284.605 for forecast (341.736) minus observation (467) elevation difference of -125.264 and lapse rate value of 0.0098.
DEBUG 8: Correcting the OBS temperature from 285.378 to 286.605 for forecast (341.736) minus observation (467) elevation difference of -125.264 and lapse rate value of 0.0098.
DEBUG 8: Correcting the OBS temperature from 280.713 to 279.376 for forecast (202.426) minus observation (66) elevation difference of 136.426 and lapse rate value of 0.0098.
DEBUG 8: Correcting the OBS temperature from 281.342 to 280.634 for forecast (89.2412) minus observation (17) elevation difference of 72.2412 and lapse rate value of 0.0098.
DEBUG 8: Correcting the OBS temperature from 288.566 to 288.981 for forecast (-25.4011) minus observation (17) elevation difference of -42.4011 and lapse rate value of 0.0098.
DEBUG 8: Correcting the OBS temperature from 276.1 to 275.05 for forecast (134.157) minus observation (27) elevation difference of 107.157 and lapse rate value of 0.0098.
DEBUG 8: Correcting the OBS temperature from 278.598 to 279.046 for forecast (66.2673) minus observation (112) elevation difference of -45.7327 and lapse rate value of 0.0098.
DEBUG 8: Correcting the OBS temperature from 284.482 to 286.414 for forecast (1181.86) minus observation (1379) elevation difference of -197.142 and lapse rate value of 0.0098.
DEBUG 8: Correcting the OBS temperature from 273.899 to 271.847 for forecast (273.324) minus observation (64) elevation difference of 209.324 and lapse rate value of 0.0098.
DEBUG 8: Correcting the OBS temperature from 287.361 to 285.972 for forecast (857.754) minus observation (716) elevation difference of 141.754 and lapse rate value of 0.0098.
DEBUG 8: Correcting the OBS temperature from 280.534 to 279.919 for forecast (99.8175) minus observation (37) elevation difference of 62.8175 and lapse rate value of 0.0098.
DEBUG 8: Correcting the OBS temperature from 285.378 to 286.605 for forecast (341.736) minus observation (467) elevation difference of -125.264 and lapse rate value of 0.0098.
DEBUG 8: Correcting the OBS temperature from 267.243 to 265.235 for forecast (1519.84) minus observation (1315) elevation difference of 204.842 and lapse rate value of 0.0098.
DEBUG 8: Correcting the OBS temperature from 281.684 to 282.218 for forecast (858.524) minus observation (913) elevation difference of -54.4763 and lapse rate value of 0.0098.
DEBUG 2: 
DEBUG 2: --------------------------------------------------------------------------------
DEBUG 2: 
DEBUG 2: Processing ensemble member file: /d1/projects/MET/MET_test_data/unit_test/model_data/grib1/arw-sch-gep2/arw-sch-gep2_2012040912_F012.grib
DEBUG 4: Met2dDataFileFactory::new_met_2d_data_file() -> created new Met2dDataFile object of type "FileType_Gb1".
DEBUG 4: 
DEBUG 4: Stereographic Grid Data:
DEBUG 4:   hemisphere: N
DEBUG 4:    scale_lat: 60
DEBUG 4:      lat_pin: 31.357
DEBUG 4:      lon_pin: 129.77
DEBUG 4:        x_pin: 0
DEBUG 4:        y_pin: 0
DEBUG 4:   lon_orient: 120.5
DEBUG 4:         d_km: 10.395
DEBUG 4:        dy_km: 10.395
DEBUG 4:         r_km: 6371.2
DEBUG 4:           nx: 169
DEBUG 4:           ny: 154
DEBUG 4: 
DEBUG 3: MetGrib1DataFile::data_plane_array() -> Found exact match for VarInfo "TMP/Z2" in GRIB record 152 of GRIB file "/d1/projects/MET/MET_test_data/unit_test/model_data/grib1/arw-sch-gep2/arw-sch-gep2_2012040912_F012.grib".
DEBUG 4: 
DEBUG 4: Grid information:
DEBUG 4:    Projection: Stereographic
DEBUG 4:    Nx: 169
DEBUG 4:    Ny: 154
DEBUG 4:    IsNorthHemisphere: true
DEBUG 4:    Lon_orient: 120.500
DEBUG 4:    Bx: 103.479
DEBUG 4:    By: 633.993
DEBUG 4:    Alpha: 1143.7057
DEBUG 4: 
DEBUG 4: Data plane information:
DEBUG 4:    plane min: 274.354
DEBUG 4:    plane max: 306.249
DEBUG 4:    valid time: 20120410_000000
DEBUG 4:    lead time: 120000
DEBUG 4:    init time: 20120409_120000
DEBUG 4:    accum time: 000000
DEBUG 4: 
DEBUG 3: MetGrib1DataFile::data_plane_array() -> Found 1 GRIB records matching VarInfo "TMP/Z2" in GRIB file "/d1/projects/MET/MET_test_data/unit_test/model_data/grib1/arw-sch-gep2/arw-sch-gep2_2012040912_F012.grib".
DEBUG 2: For TMP/Z2 found 1 forecast levels.
DEBUG 8: Correcting the OBS temperature from 284.335 to 284.42 for forecast (3.32829) minus observation (12) elevation difference of -8.67171 and lapse rate value of 0.0098.
DEBUG 8: Correcting the OBS temperature from 282.194 to 282.338 for forecast (59.2814) minus observation (74) elevation difference of -14.7186 and lapse rate value of 0.0098.
DEBUG 8: Correcting the OBS temperature from 279.449 to 279.647 for forecast (51.7402) minus observation (72) elevation difference of -20.2598 and lapse rate value of 0.0098.
DEBUG 8: Correcting the OBS temperature from 277.688 to 277.826 for forecast (62.9403) minus observation (77) elevation difference of -14.0597 and lapse rate value of 0.0098.
DEBUG 8: Correcting the OBS temperature from 279.06 to 277.171 for forecast (1201.83) minus observation (1009) elevation difference of 192.83 and lapse rate value of 0.0098.
DEBUG 8: Correcting the OBS temperature from 263.923 to 259.696 for forecast (2604.33) minus observation (2173) elevation difference of 431.334 and lapse rate value of 0.0098.
DEBUG 8: Correcting the OBS temperature from 264.923 to 260.696 for forecast (2604.33) minus observation (2173) elevation difference of 431.334 and lapse rate value of 0.0098.
DEBUG 8: Correcting the OBS temperature from 278.063 to 277.976 for forecast (654.854) minus observation (646) elevation difference of 8.85423 and lapse rate value of 0.0098.
DEBUG 8: Correcting the OBS temperature from 279.063 to 278.976 for forecast (654.854) minus observation (646) elevation difference of 8.85423 and lapse rate value of 0.0098.
DEBUG 8: Correcting the OBS temperature from 274.325 to 273.3 for forecast (1758.6) minus observation (1654) elevation difference of 104.6 and lapse rate value of 0.0098.
DEBUG 8: Correcting the OBS temperature from 281.554 to 281.659 for forecast (-3.6563) minus observation (7) elevation difference of -10.6563 and lapse rate value of 0.0098.
DEBUG 8: Correcting the OBS temperature from 281.453 to 281.456 for forecast (18.7) minus observation (19) elevation difference of -0.300049 and lapse rate value of 0.0098.
DEBUG 8: Correcting the OBS temperature from 277.67 to 274.989 for forecast (460.506) minus observation (187) elevation difference of 273.506 and lapse rate value of 0.0098.
DEBUG 8: Correcting the OBS temperature from 271.245 to 267.339 for forecast (1830.51) minus observation (1432) elevation difference of 398.508 and lapse rate value of 0.0098.
DEBUG 8: Correcting the OBS temperature from 269.245 to 265.339 for forecast (1830.51) minus observation (1432) elevation difference of 398.508 and lapse rate value of 0.0098.
DEBUG 8: Correcting the OBS temperature from 282.924 to 282.699 for forecast (82.0101) minus observation (59) elevation difference of 23.0101 and lapse rate value of 0.0098.
DEBUG 8: Correcting the OBS temperature from 272.483 to 270.716 for forecast (1992.31) minus observation (1812) elevation difference of 180.312 and lapse rate value of 0.0098.
DEBUG 8: Correcting the OBS temperature from 283.065 to 282.98 for forecast (161.684) minus observation (153) elevation difference of 8.68373 and lapse rate value of 0.0098.
DEBUG 8: Correcting the OBS temperature from 275.287 to 275.223 for forecast (1271.46) minus observation (1265) elevation difference of 6.45755 and lapse rate value of 0.0098.
DEBUG 8: Correcting the OBS temperature from 273.527 to 273.304 for forecast (1257.75) minus observation (1235) elevation difference of 22.7488 and lapse rate value of 0.0098.
DEBUG 8: Correcting the OBS temperature from 283.219 to 288.288 for forecast (653.741) minus observation (1171) elevation difference of -517.259 and lapse rate value of 0.0098.
DEBUG 8: Correcting the OBS temperature from 285.814 to 285.679 for forecast (21.8479) minus observation (8) elevation difference of 13.8479 and lapse rate value of 0.0098.
DEBUG 8: Correcting the OBS temperature from 282.563 to 281.376 for forecast (370.101) minus observation (249) elevation difference of 121.101 and lapse rate value of 0.0098.
DEBUG 8: Correcting the OBS temperature from 277.114 to 276.678 for forecast (46.4791) minus observation (2) elevation difference of 44.4791 and lapse rate value of 0.0098.
DEBUG 8: Correcting the OBS temperature from 280.658 to 280.365 for forecast (42.8431) minus observation (13) elevation difference of 29.8431 and lapse rate value of 0.0098.
DEBUG 8: Correcting the OBS temperature from 281.795 to 281.041 for forecast (321.008) minus observation (244) elevation difference of 77.0079 and lapse rate value of 0.0098.
DEBUG 8: Correcting the OBS temperature from 284.176 to 282.402 for forecast (853.006) minus observation (672) elevation difference of 181.006 and lapse rate value of 0.0098.
DEBUG 8: Correcting the OBS temperature from 280.87 to 280.791 for forecast (56.1324) minus observation (48) elevation difference of 8.1324 and lapse rate value of 0.0098.
DEBUG 8: Correcting the OBS temperature from 278.877 to 276.804 for forecast (229.553) minus observation (18) elevation difference of 211.553 and lapse rate value of 0.0098.
DEBUG 8: Correcting the OBS temperature from 279.311 to 279.472 for forecast (40.5773) minus observation (57) elevation difference of -16.4227 and lapse rate value of 0.0098.
DEBUG 8: Correcting the OBS temperature from 279.311 to 279.472 for forecast (40.5773) minus observation (57) elevation difference of -16.4227 and lapse rate value of 0.0098.
DEBUG 8: Correcting the OBS temperature from 263.923 to 259.696 for forecast (2604.33) minus observation (2173) elevation difference of 431.334 and lapse rate value of 0.0098.
DEBUG 8: Correcting the OBS temperature from 278.063 to 277.976 for forecast (654.854) minus observation (646) elevation difference of 8.85423 and lapse rate value of 0.0098.
DEBUG 8: Correcting the OBS temperature from 269.245 to 265.339 for forecast (1830.51) minus observation (1432) elevation difference of 398.508 and lapse rate value of 0.0098.
DEBUG 8: Correcting the OBS temperature from 281.516 to 281.582 for forecast (101.253) minus observation (108) elevation difference of -6.74717 and lapse rate value of 0.0098.
DEBUG 8: Correcting the OBS temperature from 276.122 to 276.093 for forecast (775.896) minus observation (773) elevation difference of 2.8964 and lapse rate value of 0.0098.
DEBUG 8: Correcting the OBS temperature from 277.122 to 277.093 for forecast (775.896) minus observation (773) elevation difference of 2.8964 and lapse rate value of 0.0098.
DEBUG 8: Correcting the OBS temperature from 276.017 to 275.584 for forecast (712.201) minus observation (668) elevation difference of 44.2007 and lapse rate value of 0.0098.
DEBUG 8: Correcting the OBS temperature from 273.059 to 272.969 for forecast (1064.24) minus observation (1055) elevation difference of 9.24469 and lapse rate value of 0.0098.
DEBUG 8: Correcting the OBS temperature from 274.059 to 273.969 for forecast (1064.24) minus observation (1055) elevation difference of 9.24469 and lapse rate value of 0.0098.
DEBUG 8: Correcting the OBS temperature from 279.141 to 278.431 for forecast (186.391) minus observation (114) elevation difference of 72.3907 and lapse rate value of 0.0098.
DEBUG 8: Correcting the OBS temperature from 262.976 to 259.501 for forecast (2334.52) minus observation (1980) elevation difference of 354.519 and lapse rate value of 0.0098.
DEBUG 8: Correcting the OBS temperature from 272.634 to 272.719 for forecast (929.387) minus observation (938) elevation difference of -8.61339 and lapse rate value of 0.0098.
DEBUG 8: Correcting the OBS temperature from 282.946 to 282.741 for forecast (27.8497) minus observation (7) elevation difference of 20.8497 and lapse rate value of 0.0098.
DEBUG 8: Correcting the OBS temperature from 275.209 to 273.968 for forecast (551.639) minus observation (425) elevation difference of 126.639 and lapse rate value of 0.0098.
DEBUG 8: Correcting the OBS temperature from 284.201 to 284.652 for forecast (53.9755) minus observation (100) elevation difference of -46.0245 and lapse rate value of 0.0098.
DEBUG 8: Correcting the OBS temperature from 273.238 to 271.326 for forecast (400.085) minus observation (205) elevation difference of 195.085 and lapse rate value of 0.0098.
DEBUG 8: Correcting the OBS temperature from 273.238 to 271.326 for forecast (400.085) minus observation (205) elevation difference of 195.085 and lapse rate value of 0.0098.
DEBUG 8: Correcting the OBS temperature from 281.866 to 279.982 for forecast (779.263) minus observation (587) elevation difference of 192.263 and lapse rate value of 0.0098.
DEBUG 8: Correcting the OBS temperature from 278.804 to 278.359 for forecast (747.471) minus observation (702) elevation difference of 45.4714 and lapse rate value of 0.0098.
DEBUG 8: Correcting the OBS temperature from 284.946 to 285.141 for forecast (729.034) minus observation (749) elevation difference of -19.9657 and lapse rate value of 0.0098.
DEBUG 8: Correcting the OBS temperature from 285.671 to 284.291 for forecast (804.745) minus observation (664) elevation difference of 140.745 and lapse rate value of 0.0098.
DEBUG 8: Correcting the OBS temperature from 279.311 to 279.472 for forecast (40.5773) minus observation (57) elevation difference of -16.4227 and lapse rate value of 0.0098.
DEBUG 8: Correcting the OBS temperature from 266.989 to 263.628 for forecast (2251.95) minus observation (1909) elevation difference of 342.947 and lapse rate value of 0.0098.
DEBUG 8: Correcting the OBS temperature from 277.122 to 277.093 for forecast (775.896) minus observation (773) elevation difference of 2.8964 and lapse rate value of 0.0098.
DEBUG 8: Correcting the OBS temperature from 273.059 to 272.969 for forecast (1064.24) minus observation (1055) elevation difference of 9.24469 and lapse rate value of 0.0098.
DEBUG 8: Correcting the OBS temperature from 290.382 to 290.414 for forecast (61.7106) minus observation (65) elevation difference of -3.28943 and lapse rate value of 0.0098.
DEBUG 8: Correcting the OBS temperature from 281.712 to 281.974 for forecast (101.266) minus observation (128) elevation difference of -26.734 and lapse rate value of 0.0098.
DEBUG 8: Correcting the OBS temperature from 293.314 to 297.877 for forecast (22.3333) minus observation (488) elevation difference of -465.667 and lapse rate value of 0.0098.
DEBUG 8: Correcting the OBS temperature from 275.043 to 273.635 for forecast (306.62) minus observation (163) elevation difference of 143.62 and lapse rate value of 0.0098.
DEBUG 8: Correcting the OBS temperature from 283.728 to 283.706 for forecast (21.2687) minus observation (19) elevation difference of 2.2687 and lapse rate value of 0.0098.
DEBUG 8: Correcting the OBS temperature from 283.884 to 284.017 for forecast (18.3757) minus observation (32) elevation difference of -13.6243 and lapse rate value of 0.0098.
DEBUG 8: Correcting the OBS temperature from 273.376 to 276.602 for forecast (1728.84) minus observation (2058) elevation difference of -329.162 and lapse rate value of 0.0098.
DEBUG 8: Correcting the OBS temperature from 273.376 to 276.602 for forecast (1728.84) minus observation (2058) elevation difference of -329.162 and lapse rate value of 0.0098.
DEBUG 8: Correcting the OBS temperature from 284.067 to 282.783 for forecast (756.964) minus observation (626) elevation difference of 130.964 and lapse rate value of 0.0098.
DEBUG 8: Correcting the OBS temperature from 273.238 to 271.326 for forecast (400.085) minus observation (205) elevation difference of 195.085 and lapse rate value of 0.0098.
DEBUG 8: Correcting the OBS temperature from 279.322 to 279.394 for forecast (69.6357) minus observation (77) elevation difference of -7.36433 and lapse rate value of 0.0098.
DEBUG 8: Correcting the OBS temperature from 277.225 to 276.3 for forecast (95.3984) minus observation (1) elevation difference of 94.3984 and lapse rate value of 0.0098.
DEBUG 8: Correcting the OBS temperature from 278.225 to 277.3 for forecast (95.3984) minus observation (1) elevation difference of 94.3984 and lapse rate value of 0.0098.
DEBUG 8: Correcting the OBS temperature from 277.376 to 276.602 for forecast (88.9592) minus observation (10) elevation difference of 78.9592 and lapse rate value of 0.0098.
DEBUG 8: Correcting the OBS temperature from 277.353 to 276.557 for forecast (109.296) minus observation (28) elevation difference of 81.2958 and lapse rate value of 0.0098.
DEBUG 8: Correcting the OBS temperature from 277.353 to 276.557 for forecast (109.296) minus observation (28) elevation difference of 81.2958 and lapse rate value of 0.0098.
DEBUG 8: Correcting the OBS temperature from 263.109 to 257.469 for forecast (2642.58) minus observation (2067) elevation difference of 575.582 and lapse rate value of 0.0098.
DEBUG 8: Correcting the OBS temperature from 282.078 to 281.007 for forecast (182.347) minus observation (73) elevation difference of 109.347 and lapse rate value of 0.0098.
DEBUG 8: Correcting the OBS temperature from 283.078 to 282.007 for forecast (182.347) minus observation (73) elevation difference of 109.347 and lapse rate value of 0.0098.
DEBUG 8: Correcting the OBS temperature from 275.061 to 274.171 for forecast (1337.75) minus observation (1247) elevation difference of 90.7522 and lapse rate value of 0.0098.
DEBUG 8: Correcting the OBS temperature from 285.291 to 285.731 for forecast (84.0405) minus observation (129) elevation difference of -44.9595 and lapse rate value of 0.0098.
DEBUG 8: Correcting the OBS temperature from 275.814 to 274.579 for forecast (150.072) minus observation (24) elevation difference of 126.072 and lapse rate value of 0.0098.
DEBUG 8: Correcting the OBS temperature from 282.126 to 282.101 for forecast (13.4988) minus observation (11) elevation difference of 2.49883 and lapse rate value of 0.0098.
DEBUG 8: Correcting the OBS temperature from 283.935 to 283.62 for forecast (61.1372) minus observation (29) elevation difference of 32.1372 and lapse rate value of 0.0098.
DEBUG 8: Correcting the OBS temperature from 277.997 to 278.045 for forecast (464.167) minus observation (469) elevation difference of -4.83295 and lapse rate value of 0.0098.
DEBUG 8: Correcting the OBS temperature from 283.072 to 282.994 for forecast (63.958) minus observation (56) elevation difference of 7.95801 and lapse rate value of 0.0098.
DEBUG 8: Correcting the OBS temperature from 273.376 to 276.602 for forecast (1728.84) minus observation (2058) elevation difference of -329.162 and lapse rate value of 0.0098.
DEBUG 8: Correcting the OBS temperature from 275.174 to 272.797 for forecast (245.487) minus observation (3) elevation difference of 242.487 and lapse rate value of 0.0098.
DEBUG 8: Correcting the OBS temperature from 287.589 to 286.828 for forecast (1038.67) minus observation (961) elevation difference of 77.6706 and lapse rate value of 0.0098.
DEBUG 8: Correcting the OBS temperature from 280.271 to 279.092 for forecast (816.298) minus observation (696) elevation difference of 120.298 and lapse rate value of 0.0098.
DEBUG 8: Correcting the OBS temperature from 274.852 to 272.555 for forecast (304.461) minus observation (70) elevation difference of 234.461 and lapse rate value of 0.0098.
DEBUG 8: Correcting the OBS temperature from 277.225 to 276.3 for forecast (95.3984) minus observation (1) elevation difference of 94.3984 and lapse rate value of 0.0098.
DEBUG 8: Correcting the OBS temperature from 279.353 to 278.557 for forecast (109.296) minus observation (28) elevation difference of 81.2958 and lapse rate value of 0.0098.
DEBUG 8: Correcting the OBS temperature from 284.078 to 283.007 for forecast (182.347) minus observation (73) elevation difference of 109.347 and lapse rate value of 0.0098.
DEBUG 8: Correcting the OBS temperature from 273.276 to 271.203 for forecast (1018.6) minus observation (807) elevation difference of 211.604 and lapse rate value of 0.0098.
DEBUG 8: Correcting the OBS temperature from 284.341 to 283.833 for forecast (67.9073) minus observation (16) elevation difference of 51.9073 and lapse rate value of 0.0098.
DEBUG 8: Correcting the OBS temperature from 281.126 to 281.101 for forecast (13.4988) minus observation (11) elevation difference of 2.49883 and lapse rate value of 0.0098.
DEBUG 8: Correcting the OBS temperature from 281.126 to 281.101 for forecast (13.4988) minus observation (11) elevation difference of 2.49883 and lapse rate value of 0.0098.
DEBUG 8: Correcting the OBS temperature from 276.982 to 276.413 for forecast (773.006) minus observation (715) elevation difference of 58.0065 and lapse rate value of 0.0098.
DEBUG 8: Correcting the OBS temperature from 284.637 to 281.125 for forecast (570.426) minus observation (212) elevation difference of 358.426 and lapse rate value of 0.0098.
DEBUG 8: Correcting the OBS temperature from 284.409 to 284.667 for forecast (644.609) minus observation (671) elevation difference of -26.3912 and lapse rate value of 0.0098.
DEBUG 8: Correcting the OBS temperature from 283.409 to 283.667 for forecast (644.609) minus observation (671) elevation difference of -26.3912 and lapse rate value of 0.0098.
DEBUG 8: Correcting the OBS temperature from 272.852 to 270.555 for forecast (304.461) minus observation (70) elevation difference of 234.461 and lapse rate value of 0.0098.
DEBUG 8: Correcting the OBS temperature from 272.852 to 270.555 for forecast (304.461) minus observation (70) elevation difference of 234.461 and lapse rate value of 0.0098.
DEBUG 8: Correcting the OBS temperature from 277.729 to 276.708 for forecast (153.17) minus observation (49) elevation difference of 104.17 and lapse rate value of 0.0098.
DEBUG 8: Correcting the OBS temperature from 281.069 to 281.188 for forecast (-4.14868) minus observation (8) elevation difference of -12.1487 and lapse rate value of 0.0098.
DEBUG 8: Correcting the OBS temperature from 275.666 to 275.383 for forecast (1227.94) minus observation (1199) elevation difference of 28.9394 and lapse rate value of 0.0098.
DEBUG 8: Correcting the OBS temperature from 272.176 to 270.602 for forecast (1725.59) minus observation (1565) elevation difference of 160.59 and lapse rate value of 0.0098.
DEBUG 8: Correcting the OBS temperature from 284.991 to 284.633 for forecast (45.5918) minus observation (9) elevation difference of 36.5918 and lapse rate value of 0.0098.
DEBUG 8: Correcting the OBS temperature from 275.945 to 275.44 for forecast (752.533) minus observation (701) elevation difference of 51.5329 and lapse rate value of 0.0098.
DEBUG 8: Correcting the OBS temperature from 278.534 to 276.918 for forecast (1013.92) minus observation (849) elevation difference of 164.922 and lapse rate value of 0.0098.
DEBUG 8: Correcting the OBS temperature from 276.534 to 274.918 for forecast (1013.92) minus observation (849) elevation difference of 164.922 and lapse rate value of 0.0098.
DEBUG 8: Correcting the OBS temperature from 283.637 to 280.125 for forecast (570.426) minus observation (212) elevation difference of 358.426 and lapse rate value of 0.0098.
DEBUG 8: Correcting the OBS temperature from 284.409 to 284.667 for forecast (644.609) minus observation (671) elevation difference of -26.3912 and lapse rate value of 0.0098.
DEBUG 8: Correcting the OBS temperature from 281.461 to 281.772 for forecast (57.2762) minus observation (89) elevation difference of -31.7238 and lapse rate value of 0.0098.
DEBUG 8: Correcting the OBS temperature from 280.461 to 280.772 for forecast (57.2762) minus observation (89) elevation difference of -31.7238 and lapse rate value of 0.0098.
DEBUG 8: Correcting the OBS temperature from 276.719 to 274.588 for forecast (1172.42) minus observation (955) elevation difference of 217.425 and lapse rate value of 0.0098.
DEBUG 8: Correcting the OBS temperature from 282.865 to 282.579 for forecast (34.1201) minus observation (5) elevation difference of 29.1201 and lapse rate value of 0.0098.
DEBUG 8: Correcting the OBS temperature from 279.927 to 278.905 for forecast (111.343) minus observation (7) elevation difference of 104.343 and lapse rate value of 0.0098.
DEBUG 8: Correcting the OBS temperature from 278.408 to 276.967 for forecast (185.111) minus observation (38) elevation difference of 147.111 and lapse rate value of 0.0098.
DEBUG 8: Correcting the OBS temperature from 281.065 to 281.18 for forecast (-3.73513) minus observation (8) elevation difference of -11.7351 and lapse rate value of 0.0098.
DEBUG 8: Correcting the OBS temperature from 280.101 to 280.052 for forecast (25.9846) minus observation (21) elevation difference of 4.98465 and lapse rate value of 0.0098.
DEBUG 8: Correcting the OBS temperature from 280.101 to 280.052 for forecast (25.9846) minus observation (21) elevation difference of 4.98465 and lapse rate value of 0.0098.
DEBUG 8: Correcting the OBS temperature from 282.113 to 281.676 for forecast (78.6087) minus observation (34) elevation difference of 44.6087 and lapse rate value of 0.0098.
DEBUG 8: Correcting the OBS temperature from 273.008 to 269.567 for forecast (1692.18) minus observation (1341) elevation difference of 351.178 and lapse rate value of 0.0098.
DEBUG 8: Correcting the OBS temperature from 272.204 to 270.657 for forecast (1490.79) minus observation (1333) elevation difference of 157.79 and lapse rate value of 0.0098.
DEBUG 8: Correcting the OBS temperature from 275.878 to 274.206 for forecast (575.599) minus observation (405) elevation difference of 170.599 and lapse rate value of 0.0098.
DEBUG 8: Correcting the OBS temperature from 276.458 to 275.866 for forecast (1325.39) minus observation (1265) elevation difference of 60.3908 and lapse rate value of 0.0098.
DEBUG 8: Correcting the OBS temperature from 280.697 to 281.544 for forecast (1147.58) minus observation (1234) elevation difference of -86.4164 and lapse rate value of 0.0098.
DEBUG 8: Correcting the OBS temperature from 277.091 to 276.632 for forecast (55.8244) minus observation (9) elevation difference of 46.8244 and lapse rate value of 0.0098.
DEBUG 8: Correcting the OBS temperature from 279.641 to 278.932 for forecast (270.352) minus observation (198) elevation difference of 72.3521 and lapse rate value of 0.0098.
DEBUG 8: Correcting the OBS temperature from 281.481 to 279.813 for forecast (406.276) minus observation (236) elevation difference of 170.276 and lapse rate value of 0.0098.
DEBUG 8: Correcting the OBS temperature from 279.091 to 278.331 for forecast (100.479) minus observation (23) elevation difference of 77.4794 and lapse rate value of 0.0098.
DEBUG 8: Correcting the OBS temperature from 277.534 to 275.918 for forecast (1013.92) minus observation (849) elevation difference of 164.922 and lapse rate value of 0.0098.
DEBUG 8: Correcting the OBS temperature from 283.085 to 283.02 for forecast (156.646) minus observation (150) elevation difference of 6.64619 and lapse rate value of 0.0098.
DEBUG 8: Correcting the OBS temperature from 281.876 to 280.702 for forecast (689.773) minus observation (570) elevation difference of 119.773 and lapse rate value of 0.0098.
DEBUG 8: Correcting the OBS temperature from 280.461 to 280.772 for forecast (57.2762) minus observation (89) elevation difference of -31.7238 and lapse rate value of 0.0098.
DEBUG 8: Correcting the OBS temperature from 266.972 to 260.193 for forecast (1954.66) minus observation (1263) elevation difference of 691.665 and lapse rate value of 0.0098.
DEBUG 8: Correcting the OBS temperature from 280.069 to 278.688 for forecast (152.907) minus observation (12) elevation difference of 140.907 and lapse rate value of 0.0098.
DEBUG 8: Correcting the OBS temperature from 282.736 to 282.923 for forecast (10.9788) minus observation (30) elevation difference of -19.0212 and lapse rate value of 0.0098.
DEBUG 8: Correcting the OBS temperature from 279.079 to 277.807 for forecast (143.724) minus observation (14) elevation difference of 129.724 and lapse rate value of 0.0098.
DEBUG 8: Correcting the OBS temperature from 277.28 to 275.811 for forecast (270.964) minus observation (121) elevation difference of 149.964 and lapse rate value of 0.0098.
DEBUG 8: Correcting the OBS temperature from 280.408 to 279.666 for forecast (78.694) minus observation (3) elevation difference of 75.694 and lapse rate value of 0.0098.
DEBUG 8: Correcting the OBS temperature from 280.708 to 279.966 for forecast (78.694) minus observation (3) elevation difference of 75.694 and lapse rate value of 0.0098.
DEBUG 8: Correcting the OBS temperature from 280.408 to 279.666 for forecast (78.694) minus observation (3) elevation difference of 75.694 and lapse rate value of 0.0098.
DEBUG 8: Correcting the OBS temperature from 279.101 to 279.052 for forecast (25.9846) minus observation (21) elevation difference of 4.98465 and lapse rate value of 0.0098.
DEBUG 8: Correcting the OBS temperature from 281.263 to 281.376 for forecast (11.4622) minus observation (23) elevation difference of -11.5378 and lapse rate value of 0.0098.
DEBUG 8: Correcting the OBS temperature from 280.263 to 280.376 for forecast (11.4622) minus observation (23) elevation difference of -11.5378 and lapse rate value of 0.0098.
DEBUG 8: Correcting the OBS temperature from 271.077 to 270.104 for forecast (1289.28) minus observation (1190) elevation difference of 99.284 and lapse rate value of 0.0098.
DEBUG 8: Correcting the OBS temperature from 275.845 to 273.54 for forecast (952.222) minus observation (717) elevation difference of 235.222 and lapse rate value of 0.0098.
DEBUG 8: Correcting the OBS temperature from 275.845 to 273.54 for forecast (952.222) minus observation (717) elevation difference of 235.222 and lapse rate value of 0.0098.
DEBUG 8: Correcting the OBS temperature from 272.582 to 270.015 for forecast (1882) minus observation (1620) elevation difference of 262.003 and lapse rate value of 0.0098.
DEBUG 8: Correcting the OBS temperature from 272.582 to 270.015 for forecast (1882) minus observation (1620) elevation difference of 262.003 and lapse rate value of 0.0098.
DEBUG 8: Correcting the OBS temperature from 281.044 to 279.537 for forecast (1027.71) minus observation (874) elevation difference of 153.708 and lapse rate value of 0.0098.
DEBUG 8: Correcting the OBS temperature from 273.468 to 272.685 for forecast (1350.84) minus observation (1271) elevation difference of 79.8401 and lapse rate value of 0.0098.
DEBUG 8: Correcting the OBS temperature from 275.019 to 274.889 for forecast (753.322) minus observation (740) elevation difference of 13.3221 and lapse rate value of 0.0098.
DEBUG 8: Correcting the OBS temperature from 276.019 to 275.889 for forecast (753.322) minus observation (740) elevation difference of 13.3221 and lapse rate value of 0.0098.
DEBUG 8: Correcting the OBS temperature from 281.844 to 281.537 for forecast (183.258) minus observation (152) elevation difference of 31.2575 and lapse rate value of 0.0098.
DEBUG 8: Correcting the OBS temperature from 283.158 to 283.165 for forecast (159.229) minus observation (160) elevation difference of -0.771281 and lapse rate value of 0.0098.
DEBUG 8: Correcting the OBS temperature from 275.187 to 273.923 for forecast (930.928) minus observation (802) elevation difference of 128.928 and lapse rate value of 0.0098.
DEBUG 8: Correcting the OBS temperature from 279.639 to 279.127 for forecast (928.174) minus observation (876) elevation difference of 52.1741 and lapse rate value of 0.0098.
DEBUG 8: Correcting the OBS temperature from 279.639 to 279.127 for forecast (928.174) minus observation (876) elevation difference of 52.1741 and lapse rate value of 0.0098.
DEBUG 8: Correcting the OBS temperature from 276.837 to 276.124 for forecast (145.737) minus observation (73) elevation difference of 72.7368 and lapse rate value of 0.0098.
DEBUG 8: Correcting the OBS temperature from 277.768 to 277.387 for forecast (173.944) minus observation (135) elevation difference of 38.9443 and lapse rate value of 0.0098.
DEBUG 8: Correcting the OBS temperature from 276.768 to 276.387 for forecast (173.944) minus observation (135) elevation difference of 38.9443 and lapse rate value of 0.0098.
DEBUG 8: Correcting the OBS temperature from 277.159 to 275.068 for forecast (239.366) minus observation (26) elevation difference of 213.366 and lapse rate value of 0.0098.
DEBUG 8: Correcting the OBS temperature from 278.084 to 278.017 for forecast (26.7829) minus observation (20) elevation difference of 6.78288 and lapse rate value of 0.0098.
DEBUG 8: Correcting the OBS temperature from 279.084 to 279.017 for forecast (26.7829) minus observation (20) elevation difference of 6.78288 and lapse rate value of 0.0098.
DEBUG 8: Correcting the OBS temperature from 280.287 to 279.424 for forecast (89.0534) minus observation (1) elevation difference of 88.0534 and lapse rate value of 0.0098.
DEBUG 8: Correcting the OBS temperature from 280.287 to 279.424 for forecast (89.0534) minus observation (1) elevation difference of 88.0534 and lapse rate value of 0.0098.
DEBUG 8: Correcting the OBS temperature from 280.263 to 280.376 for forecast (11.4622) minus observation (23) elevation difference of -11.5378 and lapse rate value of 0.0098.
DEBUG 8: Correcting the OBS temperature from 281.263 to 281.376 for forecast (11.4622) minus observation (23) elevation difference of -11.5378 and lapse rate value of 0.0098.
DEBUG 8: Correcting the OBS temperature from 283.213 to 284.376 for forecast (1492.32) minus observation (1611) elevation difference of -118.676 and lapse rate value of 0.0098.
DEBUG 8: Correcting the OBS temperature from 266.315 to 263.479 for forecast (2087.33) minus observation (1798) elevation difference of 289.334 and lapse rate value of 0.0098.
DEBUG 8: Correcting the OBS temperature from 266.315 to 263.479 for forecast (2087.33) minus observation (1798) elevation difference of 289.334 and lapse rate value of 0.0098.
DEBUG 8: Correcting the OBS temperature from 275.845 to 273.54 for forecast (952.222) minus observation (717) elevation difference of 235.222 and lapse rate value of 0.0098.
DEBUG 8: Correcting the OBS temperature from 270.117 to 265.384 for forecast (1562.94) minus observation (1080) elevation difference of 482.938 and lapse rate value of 0.0098.
DEBUG 8: Correcting the OBS temperature from 272.582 to 270.015 for forecast (1882) minus observation (1620) elevation difference of 262.003 and lapse rate value of 0.0098.
DEBUG 8: Correcting the OBS temperature from 276.019 to 275.889 for forecast (753.322) minus observation (740) elevation difference of 13.3221 and lapse rate value of 0.0098.
DEBUG 8: Correcting the OBS temperature from 285.193 to 284.236 for forecast (119.637) minus observation (22) elevation difference of 97.637 and lapse rate value of 0.0098.
DEBUG 8: Correcting the OBS temperature from 287.898 to 287.646 for forecast (146.733) minus observation (121) elevation difference of 25.7335 and lapse rate value of 0.0098.
DEBUG 8: Correcting the OBS temperature from 282.483 to 280.115 for forecast (277.557) minus observation (36) elevation difference of 241.557 and lapse rate value of 0.0098.
DEBUG 8: Correcting the OBS temperature from 278.639 to 278.127 for forecast (928.174) minus observation (876) elevation difference of 52.1741 and lapse rate value of 0.0098.
DEBUG 8: Correcting the OBS temperature from 289.53 to 288.71 for forecast (385.693) minus observation (302) elevation difference of 83.6928 and lapse rate value of 0.0098.
DEBUG 8: Correcting the OBS temperature from 273.269 to 272.289 for forecast (355.067) minus observation (255) elevation difference of 100.067 and lapse rate value of 0.0098.
DEBUG 8: Correcting the OBS temperature from 277.768 to 277.387 for forecast (173.944) minus observation (135) elevation difference of 38.9443 and lapse rate value of 0.0098.
DEBUG 8: Correcting the OBS temperature from 278.084 to 278.017 for forecast (26.7829) minus observation (20) elevation difference of 6.78288 and lapse rate value of 0.0098.
DEBUG 8: Correcting the OBS temperature from 280.287 to 279.424 for forecast (89.0534) minus observation (1) elevation difference of 88.0534 and lapse rate value of 0.0098.
DEBUG 8: Correcting the OBS temperature from 279.287 to 278.424 for forecast (89.0534) minus observation (1) elevation difference of 88.0534 and lapse rate value of 0.0098.
DEBUG 8: Correcting the OBS temperature from 280.213 to 279.976 for forecast (43.1589) minus observation (19) elevation difference of 24.1589 and lapse rate value of 0.0098.
DEBUG 8: Correcting the OBS temperature from 265.315 to 262.479 for forecast (2087.33) minus observation (1798) elevation difference of 289.334 and lapse rate value of 0.0098.
DEBUG 8: Correcting the OBS temperature from 277.643 to 276.036 for forecast (323.973) minus observation (160) elevation difference of 163.973 and lapse rate value of 0.0098.
DEBUG 8: Correcting the OBS temperature from 281.717 to 281.283 for forecast (48.2148) minus observation (4) elevation difference of 44.2148 and lapse rate value of 0.0098.
DEBUG 8: Correcting the OBS temperature from 286.646 to 286.842 for forecast (-6.98568) minus observation (13) elevation difference of -19.9857 and lapse rate value of 0.0098.
DEBUG 8: Correcting the OBS temperature from 281.59 to 281.131 for forecast (73.908) minus observation (27) elevation difference of 46.908 and lapse rate value of 0.0098.
DEBUG 8: Correcting the OBS temperature from 287.099 to 281.047 for forecast (758.499) minus observation (141) elevation difference of 617.499 and lapse rate value of 0.0098.
DEBUG 8: Correcting the OBS temperature from 281.965 to 281.38 for forecast (112.697) minus observation (53) elevation difference of 59.6966 and lapse rate value of 0.0098.
DEBUG 8: Correcting the OBS temperature from 284.255 to 283.66 for forecast (347.738) minus observation (287) elevation difference of 60.7377 and lapse rate value of 0.0098.
DEBUG 8: Correcting the OBS temperature from 278.899 to 277.948 for forecast (871.045) minus observation (774) elevation difference of 97.0453 and lapse rate value of 0.0098.
DEBUG 8: Correcting the OBS temperature from 276.1 to 275.05 for forecast (134.157) minus observation (27) elevation difference of 107.157 and lapse rate value of 0.0098.
DEBUG 8: Correcting the OBS temperature from 276.1 to 275.05 for forecast (134.157) minus observation (27) elevation difference of 107.157 and lapse rate value of 0.0098.
DEBUG 8: Correcting the OBS temperature from 283.912 to 284.073 for forecast (83.517) minus observation (100) elevation difference of -16.483 and lapse rate value of 0.0098.
DEBUG 8: Correcting the OBS temperature from 277.393 to 276.635 for forecast (112.28) minus observation (35) elevation difference of 77.2805 and lapse rate value of 0.0098.
DEBUG 8: Correcting the OBS temperature from 268.527 to 266.104 for forecast (2156.22) minus observation (1909) elevation difference of 247.225 and lapse rate value of 0.0098.
DEBUG 8: Correcting the OBS temperature from 281.534 to 280.919 for forecast (99.8175) minus observation (37) elevation difference of 62.8175 and lapse rate value of 0.0098.
DEBUG 8: Correcting the OBS temperature from 280.534 to 279.919 for forecast (99.8175) minus observation (37) elevation difference of 62.8175 and lapse rate value of 0.0098.
DEBUG 8: Correcting the OBS temperature from 283.378 to 284.605 for forecast (341.736) minus observation (467) elevation difference of -125.264 and lapse rate value of 0.0098.
DEBUG 8: Correcting the OBS temperature from 285.378 to 286.605 for forecast (341.736) minus observation (467) elevation difference of -125.264 and lapse rate value of 0.0098.
DEBUG 8: Correcting the OBS temperature from 280.713 to 279.376 for forecast (202.426) minus observation (66) elevation difference of 136.426 and lapse rate value of 0.0098.
DEBUG 8: Correcting the OBS temperature from 281.342 to 280.634 for forecast (89.2412) minus observation (17) elevation difference of 72.2412 and lapse rate value of 0.0098.
DEBUG 8: Correcting the OBS temperature from 288.566 to 288.981 for forecast (-25.4011) minus observation (17) elevation difference of -42.4011 and lapse rate value of 0.0098.
DEBUG 8: Correcting the OBS temperature from 276.1 to 275.05 for forecast (134.157) minus observation (27) elevation difference of 107.157 and lapse rate value of 0.0098.
DEBUG 8: Correcting the OBS temperature from 278.598 to 279.046 for forecast (66.2673) minus observation (112) elevation difference of -45.7327 and lapse rate value of 0.0098.
DEBUG 8: Correcting the OBS temperature from 284.482 to 286.414 for forecast (1181.86) minus observation (1379) elevation difference of -197.142 and lapse rate value of 0.0098.
DEBUG 8: Correcting the OBS temperature from 273.899 to 271.847 for forecast (273.324) minus observation (64) elevation difference of 209.324 and lapse rate value of 0.0098.
DEBUG 8: Correcting the OBS temperature from 287.361 to 285.972 for forecast (857.754) minus observation (716) elevation difference of 141.754 and lapse rate value of 0.0098.
DEBUG 8: Correcting the OBS temperature from 280.534 to 279.919 for forecast (99.8175) minus observation (37) elevation difference of 62.8175 and lapse rate value of 0.0098.
DEBUG 8: Correcting the OBS temperature from 285.378 to 286.605 for forecast (341.736) minus observation (467) elevation difference of -125.264 and lapse rate value of 0.0098.
DEBUG 8: Correcting the OBS temperature from 267.243 to 265.235 for forecast (1519.84) minus observation (1315) elevation difference of 204.842 and lapse rate value of 0.0098.
DEBUG 8: Correcting the OBS temperature from 281.684 to 282.218 for forecast (858.524) minus observation (913) elevation difference of -54.4763 and lapse rate value of 0.0098.
DEBUG 2: 
DEBUG 2: --------------------------------------------------------------------------------
DEBUG 2: 
DEBUG 2: Processing ensemble member file: /d1/projects/MET/MET_test_data/unit_test/model_data/grib1/arw-sch-gep6/arw-sch-gep6_2012040912_F012.grib
DEBUG 4: Met2dDataFileFactory::new_met_2d_data_file() -> created new Met2dDataFile object of type "FileType_Gb1".
DEBUG 4: 
DEBUG 4: Stereographic Grid Data:
DEBUG 4:   hemisphere: N
DEBUG 4:    scale_lat: 60
DEBUG 4:      lat_pin: 31.357
DEBUG 4:      lon_pin: 129.77
DEBUG 4:        x_pin: 0
DEBUG 4:        y_pin: 0
DEBUG 4:   lon_orient: 120.5
DEBUG 4:         d_km: 10.395
DEBUG 4:        dy_km: 10.395
DEBUG 4:         r_km: 6371.2
DEBUG 4:           nx: 169
DEBUG 4:           ny: 154
DEBUG 4: 
DEBUG 3: MetGrib1DataFile::data_plane_array() -> Found exact match for VarInfo "TMP/Z2" in GRIB record 152 of GRIB file "/d1/projects/MET/MET_test_data/unit_test/model_data/grib1/arw-sch-gep6/arw-sch-gep6_2012040912_F012.grib".
DEBUG 4: 
DEBUG 4: Grid information:
DEBUG 4:    Projection: Stereographic
DEBUG 4:    Nx: 169
DEBUG 4:    Ny: 154
DEBUG 4:    IsNorthHemisphere: true
DEBUG 4:    Lon_orient: 120.500
DEBUG 4:    Bx: 103.479
DEBUG 4:    By: 633.993
DEBUG 4:    Alpha: 1143.7057
DEBUG 4: 
DEBUG 4: Data plane information:
DEBUG 4:    plane min: 273.484
DEBUG 4:    plane max: 306
DEBUG 4:    valid time: 20120410_000000
DEBUG 4:    lead time: 120000
DEBUG 4:    init time: 20120409_120000
DEBUG 4:    accum time: 000000
DEBUG 4: 
DEBUG 3: MetGrib1DataFile::data_plane_array() -> Found 1 GRIB records matching VarInfo "TMP/Z2" in GRIB file "/d1/projects/MET/MET_test_data/unit_test/model_data/grib1/arw-sch-gep6/arw-sch-gep6_2012040912_F012.grib".
DEBUG 2: For TMP/Z2 found 1 forecast levels.
DEBUG 8: Correcting the OBS temperature from 284.335 to 284.42 for forecast (3.32829) minus observation (12) elevation difference of -8.67171 and lapse rate value of 0.0098.
DEBUG 8: Correcting the OBS temperature from 282.194 to 282.338 for forecast (59.2814) minus observation (74) elevation difference of -14.7186 and lapse rate value of 0.0098.
DEBUG 8: Correcting the OBS temperature from 279.449 to 279.647 for forecast (51.7402) minus observation (72) elevation difference of -20.2598 and lapse rate value of 0.0098.
DEBUG 8: Correcting the OBS temperature from 277.688 to 277.826 for forecast (62.9403) minus observation (77) elevation difference of -14.0597 and lapse rate value of 0.0098.
DEBUG 8: Correcting the OBS temperature from 279.06 to 277.171 for forecast (1201.83) minus observation (1009) elevation difference of 192.83 and lapse rate value of 0.0098.
DEBUG 8: Correcting the OBS temperature from 263.923 to 259.696 for forecast (2604.33) minus observation (2173) elevation difference of 431.334 and lapse rate value of 0.0098.
DEBUG 8: Correcting the OBS temperature from 264.923 to 260.696 for forecast (2604.33) minus observation (2173) elevation difference of 431.334 and lapse rate value of 0.0098.
DEBUG 8: Correcting the OBS temperature from 278.063 to 277.976 for forecast (654.854) minus observation (646) elevation difference of 8.85423 and lapse rate value of 0.0098.
DEBUG 8: Correcting the OBS temperature from 279.063 to 278.976 for forecast (654.854) minus observation (646) elevation difference of 8.85423 and lapse rate value of 0.0098.
DEBUG 8: Correcting the OBS temperature from 274.325 to 273.3 for forecast (1758.6) minus observation (1654) elevation difference of 104.6 and lapse rate value of 0.0098.
DEBUG 8: Correcting the OBS temperature from 281.554 to 281.659 for forecast (-3.6563) minus observation (7) elevation difference of -10.6563 and lapse rate value of 0.0098.
DEBUG 8: Correcting the OBS temperature from 281.453 to 281.456 for forecast (18.7) minus observation (19) elevation difference of -0.300049 and lapse rate value of 0.0098.
DEBUG 8: Correcting the OBS temperature from 277.67 to 274.989 for forecast (460.506) minus observation (187) elevation difference of 273.506 and lapse rate value of 0.0098.
DEBUG 8: Correcting the OBS temperature from 271.245 to 267.339 for forecast (1830.51) minus observation (1432) elevation difference of 398.508 and lapse rate value of 0.0098.
DEBUG 8: Correcting the OBS temperature from 269.245 to 265.339 for forecast (1830.51) minus observation (1432) elevation difference of 398.508 and lapse rate value of 0.0098.
DEBUG 8: Correcting the OBS temperature from 282.924 to 282.699 for forecast (82.0101) minus observation (59) elevation difference of 23.0101 and lapse rate value of 0.0098.
DEBUG 8: Correcting the OBS temperature from 272.483 to 270.716 for forecast (1992.31) minus observation (1812) elevation difference of 180.312 and lapse rate value of 0.0098.
DEBUG 8: Correcting the OBS temperature from 283.065 to 282.98 for forecast (161.684) minus observation (153) elevation difference of 8.68373 and lapse rate value of 0.0098.
DEBUG 8: Correcting the OBS temperature from 275.287 to 275.223 for forecast (1271.46) minus observation (1265) elevation difference of 6.45755 and lapse rate value of 0.0098.
DEBUG 8: Correcting the OBS temperature from 273.527 to 273.304 for forecast (1257.75) minus observation (1235) elevation difference of 22.7488 and lapse rate value of 0.0098.
DEBUG 8: Correcting the OBS temperature from 283.219 to 288.288 for forecast (653.741) minus observation (1171) elevation difference of -517.259 and lapse rate value of 0.0098.
DEBUG 8: Correcting the OBS temperature from 285.814 to 285.679 for forecast (21.8479) minus observation (8) elevation difference of 13.8479 and lapse rate value of 0.0098.
DEBUG 8: Correcting the OBS temperature from 282.563 to 281.376 for forecast (370.101) minus observation (249) elevation difference of 121.101 and lapse rate value of 0.0098.
DEBUG 8: Correcting the OBS temperature from 277.114 to 276.678 for forecast (46.4791) minus observation (2) elevation difference of 44.4791 and lapse rate value of 0.0098.
DEBUG 8: Correcting the OBS temperature from 280.658 to 280.365 for forecast (42.8431) minus observation (13) elevation difference of 29.8431 and lapse rate value of 0.0098.
DEBUG 8: Correcting the OBS temperature from 281.795 to 281.041 for forecast (321.008) minus observation (244) elevation difference of 77.0079 and lapse rate value of 0.0098.
DEBUG 8: Correcting the OBS temperature from 284.176 to 282.402 for forecast (853.006) minus observation (672) elevation difference of 181.006 and lapse rate value of 0.0098.
DEBUG 8: Correcting the OBS temperature from 280.87 to 280.791 for forecast (56.1324) minus observation (48) elevation difference of 8.1324 and lapse rate value of 0.0098.
DEBUG 8: Correcting the OBS temperature from 278.877 to 276.804 for forecast (229.553) minus observation (18) elevation difference of 211.553 and lapse rate value of 0.0098.
DEBUG 8: Correcting the OBS temperature from 279.311 to 279.472 for forecast (40.5773) minus observation (57) elevation difference of -16.4227 and lapse rate value of 0.0098.
DEBUG 8: Correcting the OBS temperature from 279.311 to 279.472 for forecast (40.5773) minus observation (57) elevation difference of -16.4227 and lapse rate value of 0.0098.
DEBUG 8: Correcting the OBS temperature from 263.923 to 259.696 for forecast (2604.33) minus observation (2173) elevation difference of 431.334 and lapse rate value of 0.0098.
DEBUG 8: Correcting the OBS temperature from 278.063 to 277.976 for forecast (654.854) minus observation (646) elevation difference of 8.85423 and lapse rate value of 0.0098.
DEBUG 8: Correcting the OBS temperature from 269.245 to 265.339 for forecast (1830.51) minus observation (1432) elevation difference of 398.508 and lapse rate value of 0.0098.
DEBUG 8: Correcting the OBS temperature from 281.516 to 281.582 for forecast (101.253) minus observation (108) elevation difference of -6.74717 and lapse rate value of 0.0098.
DEBUG 8: Correcting the OBS temperature from 276.122 to 276.093 for forecast (775.896) minus observation (773) elevation difference of 2.8964 and lapse rate value of 0.0098.
DEBUG 8: Correcting the OBS temperature from 277.122 to 277.093 for forecast (775.896) minus observation (773) elevation difference of 2.8964 and lapse rate value of 0.0098.
DEBUG 8: Correcting the OBS temperature from 276.017 to 275.584 for forecast (712.201) minus observation (668) elevation difference of 44.2007 and lapse rate value of 0.0098.
DEBUG 8: Correcting the OBS temperature from 273.059 to 272.969 for forecast (1064.24) minus observation (1055) elevation difference of 9.24469 and lapse rate value of 0.0098.
DEBUG 8: Correcting the OBS temperature from 274.059 to 273.969 for forecast (1064.24) minus observation (1055) elevation difference of 9.24469 and lapse rate value of 0.0098.
DEBUG 8: Correcting the OBS temperature from 279.141 to 278.431 for forecast (186.391) minus observation (114) elevation difference of 72.3907 and lapse rate value of 0.0098.
DEBUG 8: Correcting the OBS temperature from 262.976 to 259.501 for forecast (2334.52) minus observation (1980) elevation difference of 354.519 and lapse rate value of 0.0098.
DEBUG 8: Correcting the OBS temperature from 272.634 to 272.719 for forecast (929.387) minus observation (938) elevation difference of -8.61339 and lapse rate value of 0.0098.
DEBUG 8: Correcting the OBS temperature from 282.946 to 282.741 for forecast (27.8497) minus observation (7) elevation difference of 20.8497 and lapse rate value of 0.0098.
DEBUG 8: Correcting the OBS temperature from 275.209 to 273.968 for forecast (551.639) minus observation (425) elevation difference of 126.639 and lapse rate value of 0.0098.
DEBUG 8: Correcting the OBS temperature from 284.201 to 284.652 for forecast (53.9755) minus observation (100) elevation difference of -46.0245 and lapse rate value of 0.0098.
DEBUG 8: Correcting the OBS temperature from 273.238 to 271.326 for forecast (400.085) minus observation (205) elevation difference of 195.085 and lapse rate value of 0.0098.
DEBUG 8: Correcting the OBS temperature from 273.238 to 271.326 for forecast (400.085) minus observation (205) elevation difference of 195.085 and lapse rate value of 0.0098.
DEBUG 8: Correcting the OBS temperature from 281.866 to 279.982 for forecast (779.263) minus observation (587) elevation difference of 192.263 and lapse rate value of 0.0098.
DEBUG 8: Correcting the OBS temperature from 278.804 to 278.359 for forecast (747.471) minus observation (702) elevation difference of 45.4714 and lapse rate value of 0.0098.
DEBUG 8: Correcting the OBS temperature from 284.946 to 285.141 for forecast (729.034) minus observation (749) elevation difference of -19.9657 and lapse rate value of 0.0098.
DEBUG 8: Correcting the OBS temperature from 285.671 to 284.291 for forecast (804.745) minus observation (664) elevation difference of 140.745 and lapse rate value of 0.0098.
DEBUG 8: Correcting the OBS temperature from 279.311 to 279.472 for forecast (40.5773) minus observation (57) elevation difference of -16.4227 and lapse rate value of 0.0098.
DEBUG 8: Correcting the OBS temperature from 266.989 to 263.628 for forecast (2251.95) minus observation (1909) elevation difference of 342.947 and lapse rate value of 0.0098.
DEBUG 8: Correcting the OBS temperature from 277.122 to 277.093 for forecast (775.896) minus observation (773) elevation difference of 2.8964 and lapse rate value of 0.0098.
DEBUG 8: Correcting the OBS temperature from 273.059 to 272.969 for forecast (1064.24) minus observation (1055) elevation difference of 9.24469 and lapse rate value of 0.0098.
DEBUG 8: Correcting the OBS temperature from 290.382 to 290.414 for forecast (61.7106) minus observation (65) elevation difference of -3.28943 and lapse rate value of 0.0098.
DEBUG 8: Correcting the OBS temperature from 281.712 to 281.974 for forecast (101.266) minus observation (128) elevation difference of -26.734 and lapse rate value of 0.0098.
DEBUG 8: Correcting the OBS temperature from 293.314 to 297.877 for forecast (22.3333) minus observation (488) elevation difference of -465.667 and lapse rate value of 0.0098.
DEBUG 8: Correcting the OBS temperature from 275.043 to 273.635 for forecast (306.62) minus observation (163) elevation difference of 143.62 and lapse rate value of 0.0098.
DEBUG 8: Correcting the OBS temperature from 283.728 to 283.706 for forecast (21.2687) minus observation (19) elevation difference of 2.2687 and lapse rate value of 0.0098.
DEBUG 8: Correcting the OBS temperature from 283.884 to 284.017 for forecast (18.3757) minus observation (32) elevation difference of -13.6243 and lapse rate value of 0.0098.
DEBUG 8: Correcting the OBS temperature from 273.376 to 276.602 for forecast (1728.84) minus observation (2058) elevation difference of -329.162 and lapse rate value of 0.0098.
DEBUG 8: Correcting the OBS temperature from 273.376 to 276.602 for forecast (1728.84) minus observation (2058) elevation difference of -329.162 and lapse rate value of 0.0098.
DEBUG 8: Correcting the OBS temperature from 284.067 to 282.783 for forecast (756.964) minus observation (626) elevation difference of 130.964 and lapse rate value of 0.0098.
DEBUG 8: Correcting the OBS temperature from 273.238 to 271.326 for forecast (400.085) minus observation (205) elevation difference of 195.085 and lapse rate value of 0.0098.
DEBUG 8: Correcting the OBS temperature from 279.322 to 279.394 for forecast (69.6357) minus observation (77) elevation difference of -7.36433 and lapse rate value of 0.0098.
DEBUG 8: Correcting the OBS temperature from 277.225 to 276.3 for forecast (95.3984) minus observation (1) elevation difference of 94.3984 and lapse rate value of 0.0098.
DEBUG 8: Correcting the OBS temperature from 278.225 to 277.3 for forecast (95.3984) minus observation (1) elevation difference of 94.3984 and lapse rate value of 0.0098.
DEBUG 8: Correcting the OBS temperature from 277.376 to 276.602 for forecast (88.9592) minus observation (10) elevation difference of 78.9592 and lapse rate value of 0.0098.
DEBUG 8: Correcting the OBS temperature from 277.353 to 276.557 for forecast (109.296) minus observation (28) elevation difference of 81.2958 and lapse rate value of 0.0098.
DEBUG 8: Correcting the OBS temperature from 277.353 to 276.557 for forecast (109.296) minus observation (28) elevation difference of 81.2958 and lapse rate value of 0.0098.
DEBUG 8: Correcting the OBS temperature from 263.109 to 257.469 for forecast (2642.58) minus observation (2067) elevation difference of 575.582 and lapse rate value of 0.0098.
DEBUG 8: Correcting the OBS temperature from 282.078 to 281.007 for forecast (182.347) minus observation (73) elevation difference of 109.347 and lapse rate value of 0.0098.
DEBUG 8: Correcting the OBS temperature from 283.078 to 282.007 for forecast (182.347) minus observation (73) elevation difference of 109.347 and lapse rate value of 0.0098.
DEBUG 8: Correcting the OBS temperature from 275.061 to 274.171 for forecast (1337.75) minus observation (1247) elevation difference of 90.7522 and lapse rate value of 0.0098.
DEBUG 8: Correcting the OBS temperature from 285.291 to 285.731 for forecast (84.0405) minus observation (129) elevation difference of -44.9595 and lapse rate value of 0.0098.
DEBUG 8: Correcting the OBS temperature from 275.814 to 274.579 for forecast (150.072) minus observation (24) elevation difference of 126.072 and lapse rate value of 0.0098.
DEBUG 8: Correcting the OBS temperature from 282.126 to 282.101 for forecast (13.4988) minus observation (11) elevation difference of 2.49883 and lapse rate value of 0.0098.
DEBUG 8: Correcting the OBS temperature from 283.935 to 283.62 for forecast (61.1372) minus observation (29) elevation difference of 32.1372 and lapse rate value of 0.0098.
DEBUG 8: Correcting the OBS temperature from 277.997 to 278.045 for forecast (464.167) minus observation (469) elevation difference of -4.83295 and lapse rate value of 0.0098.
DEBUG 8: Correcting the OBS temperature from 283.072 to 282.994 for forecast (63.958) minus observation (56) elevation difference of 7.95801 and lapse rate value of 0.0098.
DEBUG 8: Correcting the OBS temperature from 273.376 to 276.602 for forecast (1728.84) minus observation (2058) elevation difference of -329.162 and lapse rate value of 0.0098.
DEBUG 8: Correcting the OBS temperature from 275.174 to 272.797 for forecast (245.487) minus observation (3) elevation difference of 242.487 and lapse rate value of 0.0098.
DEBUG 8: Correcting the OBS temperature from 287.589 to 286.828 for forecast (1038.67) minus observation (961) elevation difference of 77.6706 and lapse rate value of 0.0098.
DEBUG 8: Correcting the OBS temperature from 280.271 to 279.092 for forecast (816.298) minus observation (696) elevation difference of 120.298 and lapse rate value of 0.0098.
DEBUG 8: Correcting the OBS temperature from 274.852 to 272.555 for forecast (304.461) minus observation (70) elevation difference of 234.461 and lapse rate value of 0.0098.
DEBUG 8: Correcting the OBS temperature from 277.225 to 276.3 for forecast (95.3984) minus observation (1) elevation difference of 94.3984 and lapse rate value of 0.0098.
DEBUG 8: Correcting the OBS temperature from 279.353 to 278.557 for forecast (109.296) minus observation (28) elevation difference of 81.2958 and lapse rate value of 0.0098.
DEBUG 8: Correcting the OBS temperature from 284.078 to 283.007 for forecast (182.347) minus observation (73) elevation difference of 109.347 and lapse rate value of 0.0098.
DEBUG 8: Correcting the OBS temperature from 273.276 to 271.203 for forecast (1018.6) minus observation (807) elevation difference of 211.604 and lapse rate value of 0.0098.
DEBUG 8: Correcting the OBS temperature from 284.341 to 283.833 for forecast (67.9073) minus observation (16) elevation difference of 51.9073 and lapse rate value of 0.0098.
DEBUG 8: Correcting the OBS temperature from 281.126 to 281.101 for forecast (13.4988) minus observation (11) elevation difference of 2.49883 and lapse rate value of 0.0098.
DEBUG 8: Correcting the OBS temperature from 281.126 to 281.101 for forecast (13.4988) minus observation (11) elevation difference of 2.49883 and lapse rate value of 0.0098.
DEBUG 8: Correcting the OBS temperature from 276.982 to 276.413 for forecast (773.006) minus observation (715) elevation difference of 58.0065 and lapse rate value of 0.0098.
DEBUG 8: Correcting the OBS temperature from 284.637 to 281.125 for forecast (570.426) minus observation (212) elevation difference of 358.426 and lapse rate value of 0.0098.
DEBUG 8: Correcting the OBS temperature from 284.409 to 284.667 for forecast (644.609) minus observation (671) elevation difference of -26.3912 and lapse rate value of 0.0098.
DEBUG 8: Correcting the OBS temperature from 283.409 to 283.667 for forecast (644.609) minus observation (671) elevation difference of -26.3912 and lapse rate value of 0.0098.
DEBUG 8: Correcting the OBS temperature from 272.852 to 270.555 for forecast (304.461) minus observation (70) elevation difference of 234.461 and lapse rate value of 0.0098.
DEBUG 8: Correcting the OBS temperature from 272.852 to 270.555 for forecast (304.461) minus observation (70) elevation difference of 234.461 and lapse rate value of 0.0098.
DEBUG 8: Correcting the OBS temperature from 277.729 to 276.708 for forecast (153.17) minus observation (49) elevation difference of 104.17 and lapse rate value of 0.0098.
DEBUG 8: Correcting the OBS temperature from 281.069 to 281.188 for forecast (-4.14868) minus observation (8) elevation difference of -12.1487 and lapse rate value of 0.0098.
DEBUG 8: Correcting the OBS temperature from 275.666 to 275.383 for forecast (1227.94) minus observation (1199) elevation difference of 28.9394 and lapse rate value of 0.0098.
DEBUG 8: Correcting the OBS temperature from 272.176 to 270.602 for forecast (1725.59) minus observation (1565) elevation difference of 160.59 and lapse rate value of 0.0098.
DEBUG 8: Correcting the OBS temperature from 284.991 to 284.633 for forecast (45.5918) minus observation (9) elevation difference of 36.5918 and lapse rate value of 0.0098.
DEBUG 8: Correcting the OBS temperature from 275.945 to 275.44 for forecast (752.533) minus observation (701) elevation difference of 51.5329 and lapse rate value of 0.0098.
DEBUG 8: Correcting the OBS temperature from 278.534 to 276.918 for forecast (1013.92) minus observation (849) elevation difference of 164.922 and lapse rate value of 0.0098.
DEBUG 8: Correcting the OBS temperature from 276.534 to 274.918 for forecast (1013.92) minus observation (849) elevation difference of 164.922 and lapse rate value of 0.0098.
DEBUG 8: Correcting the OBS temperature from 283.637 to 280.125 for forecast (570.426) minus observation (212) elevation difference of 358.426 and lapse rate value of 0.0098.
DEBUG 8: Correcting the OBS temperature from 284.409 to 284.667 for forecast (644.609) minus observation (671) elevation difference of -26.3912 and lapse rate value of 0.0098.
DEBUG 8: Correcting the OBS temperature from 281.461 to 281.772 for forecast (57.2762) minus observation (89) elevation difference of -31.7238 and lapse rate value of 0.0098.
DEBUG 8: Correcting the OBS temperature from 280.461 to 280.772 for forecast (57.2762) minus observation (89) elevation difference of -31.7238 and lapse rate value of 0.0098.
DEBUG 8: Correcting the OBS temperature from 276.719 to 274.588 for forecast (1172.42) minus observation (955) elevation difference of 217.425 and lapse rate value of 0.0098.
DEBUG 8: Correcting the OBS temperature from 282.865 to 282.579 for forecast (34.1201) minus observation (5) elevation difference of 29.1201 and lapse rate value of 0.0098.
DEBUG 8: Correcting the OBS temperature from 279.927 to 278.905 for forecast (111.343) minus observation (7) elevation difference of 104.343 and lapse rate value of 0.0098.
DEBUG 8: Correcting the OBS temperature from 278.408 to 276.967 for forecast (185.111) minus observation (38) elevation difference of 147.111 and lapse rate value of 0.0098.
DEBUG 8: Correcting the OBS temperature from 281.065 to 281.18 for forecast (-3.73513) minus observation (8) elevation difference of -11.7351 and lapse rate value of 0.0098.
DEBUG 8: Correcting the OBS temperature from 280.101 to 280.052 for forecast (25.9846) minus observation (21) elevation difference of 4.98465 and lapse rate value of 0.0098.
DEBUG 8: Correcting the OBS temperature from 280.101 to 280.052 for forecast (25.9846) minus observation (21) elevation difference of 4.98465 and lapse rate value of 0.0098.
DEBUG 8: Correcting the OBS temperature from 282.113 to 281.676 for forecast (78.6087) minus observation (34) elevation difference of 44.6087 and lapse rate value of 0.0098.
DEBUG 8: Correcting the OBS temperature from 273.008 to 269.567 for forecast (1692.18) minus observation (1341) elevation difference of 351.178 and lapse rate value of 0.0098.
DEBUG 8: Correcting the OBS temperature from 272.204 to 270.657 for forecast (1490.79) minus observation (1333) elevation difference of 157.79 and lapse rate value of 0.0098.
DEBUG 8: Correcting the OBS temperature from 275.878 to 274.206 for forecast (575.599) minus observation (405) elevation difference of 170.599 and lapse rate value of 0.0098.
DEBUG 8: Correcting the OBS temperature from 276.458 to 275.866 for forecast (1325.39) minus observation (1265) elevation difference of 60.3908 and lapse rate value of 0.0098.
DEBUG 8: Correcting the OBS temperature from 280.697 to 281.544 for forecast (1147.58) minus observation (1234) elevation difference of -86.4164 and lapse rate value of 0.0098.
DEBUG 8: Correcting the OBS temperature from 277.091 to 276.632 for forecast (55.8244) minus observation (9) elevation difference of 46.8244 and lapse rate value of 0.0098.
DEBUG 8: Correcting the OBS temperature from 279.641 to 278.932 for forecast (270.352) minus observation (198) elevation difference of 72.3521 and lapse rate value of 0.0098.
DEBUG 8: Correcting the OBS temperature from 281.481 to 279.813 for forecast (406.276) minus observation (236) elevation difference of 170.276 and lapse rate value of 0.0098.
DEBUG 8: Correcting the OBS temperature from 279.091 to 278.331 for forecast (100.479) minus observation (23) elevation difference of 77.4794 and lapse rate value of 0.0098.
DEBUG 8: Correcting the OBS temperature from 277.534 to 275.918 for forecast (1013.92) minus observation (849) elevation difference of 164.922 and lapse rate value of 0.0098.
DEBUG 8: Correcting the OBS temperature from 283.085 to 283.02 for forecast (156.646) minus observation (150) elevation difference of 6.64619 and lapse rate value of 0.0098.
DEBUG 8: Correcting the OBS temperature from 281.876 to 280.702 for forecast (689.773) minus observation (570) elevation difference of 119.773 and lapse rate value of 0.0098.
DEBUG 8: Correcting the OBS temperature from 280.461 to 280.772 for forecast (57.2762) minus observation (89) elevation difference of -31.7238 and lapse rate value of 0.0098.
DEBUG 8: Correcting the OBS temperature from 266.972 to 260.193 for forecast (1954.66) minus observation (1263) elevation difference of 691.665 and lapse rate value of 0.0098.
DEBUG 8: Correcting the OBS temperature from 280.069 to 278.688 for forecast (152.907) minus observation (12) elevation difference of 140.907 and lapse rate value of 0.0098.
DEBUG 8: Correcting the OBS temperature from 282.736 to 282.923 for forecast (10.9788) minus observation (30) elevation difference of -19.0212 and lapse rate value of 0.0098.
DEBUG 8: Correcting the OBS temperature from 279.079 to 277.807 for forecast (143.724) minus observation (14) elevation difference of 129.724 and lapse rate value of 0.0098.
DEBUG 8: Correcting the OBS temperature from 277.28 to 275.811 for forecast (270.964) minus observation (121) elevation difference of 149.964 and lapse rate value of 0.0098.
DEBUG 8: Correcting the OBS temperature from 280.408 to 279.666 for forecast (78.694) minus observation (3) elevation difference of 75.694 and lapse rate value of 0.0098.
DEBUG 8: Correcting the OBS temperature from 280.708 to 279.966 for forecast (78.694) minus observation (3) elevation difference of 75.694 and lapse rate value of 0.0098.
DEBUG 8: Correcting the OBS temperature from 280.408 to 279.666 for forecast (78.694) minus observation (3) elevation difference of 75.694 and lapse rate value of 0.0098.
DEBUG 8: Correcting the OBS temperature from 279.101 to 279.052 for forecast (25.9846) minus observation (21) elevation difference of 4.98465 and lapse rate value of 0.0098.
DEBUG 8: Correcting the OBS temperature from 281.263 to 281.376 for forecast (11.4622) minus observation (23) elevation difference of -11.5378 and lapse rate value of 0.0098.
DEBUG 8: Correcting the OBS temperature from 280.263 to 280.376 for forecast (11.4622) minus observation (23) elevation difference of -11.5378 and lapse rate value of 0.0098.
DEBUG 8: Correcting the OBS temperature from 271.077 to 270.104 for forecast (1289.28) minus observation (1190) elevation difference of 99.284 and lapse rate value of 0.0098.
DEBUG 8: Correcting the OBS temperature from 275.845 to 273.54 for forecast (952.222) minus observation (717) elevation difference of 235.222 and lapse rate value of 0.0098.
DEBUG 8: Correcting the OBS temperature from 275.845 to 273.54 for forecast (952.222) minus observation (717) elevation difference of 235.222 and lapse rate value of 0.0098.
DEBUG 8: Correcting the OBS temperature from 272.582 to 270.015 for forecast (1882) minus observation (1620) elevation difference of 262.003 and lapse rate value of 0.0098.
DEBUG 8: Correcting the OBS temperature from 272.582 to 270.015 for forecast (1882) minus observation (1620) elevation difference of 262.003 and lapse rate value of 0.0098.
DEBUG 8: Correcting the OBS temperature from 281.044 to 279.537 for forecast (1027.71) minus observation (874) elevation difference of 153.708 and lapse rate value of 0.0098.
DEBUG 8: Correcting the OBS temperature from 273.468 to 272.685 for forecast (1350.84) minus observation (1271) elevation difference of 79.8401 and lapse rate value of 0.0098.
DEBUG 8: Correcting the OBS temperature from 275.019 to 274.889 for forecast (753.322) minus observation (740) elevation difference of 13.3221 and lapse rate value of 0.0098.
DEBUG 8: Correcting the OBS temperature from 276.019 to 275.889 for forecast (753.322) minus observation (740) elevation difference of 13.3221 and lapse rate value of 0.0098.
DEBUG 8: Correcting the OBS temperature from 281.844 to 281.537 for forecast (183.258) minus observation (152) elevation difference of 31.2575 and lapse rate value of 0.0098.
DEBUG 8: Correcting the OBS temperature from 283.158 to 283.165 for forecast (159.229) minus observation (160) elevation difference of -0.771281 and lapse rate value of 0.0098.
DEBUG 8: Correcting the OBS temperature from 275.187 to 273.923 for forecast (930.928) minus observation (802) elevation difference of 128.928 and lapse rate value of 0.0098.
DEBUG 8: Correcting the OBS temperature from 279.639 to 279.127 for forecast (928.174) minus observation (876) elevation difference of 52.1741 and lapse rate value of 0.0098.
DEBUG 8: Correcting the OBS temperature from 279.639 to 279.127 for forecast (928.174) minus observation (876) elevation difference of 52.1741 and lapse rate value of 0.0098.
DEBUG 8: Correcting the OBS temperature from 276.837 to 276.124 for forecast (145.737) minus observation (73) elevation difference of 72.7368 and lapse rate value of 0.0098.
DEBUG 8: Correcting the OBS temperature from 277.768 to 277.387 for forecast (173.944) minus observation (135) elevation difference of 38.9443 and lapse rate value of 0.0098.
DEBUG 8: Correcting the OBS temperature from 276.768 to 276.387 for forecast (173.944) minus observation (135) elevation difference of 38.9443 and lapse rate value of 0.0098.
DEBUG 8: Correcting the OBS temperature from 277.159 to 275.068 for forecast (239.366) minus observation (26) elevation difference of 213.366 and lapse rate value of 0.0098.
DEBUG 8: Correcting the OBS temperature from 278.084 to 278.017 for forecast (26.7829) minus observation (20) elevation difference of 6.78288 and lapse rate value of 0.0098.
DEBUG 8: Correcting the OBS temperature from 279.084 to 279.017 for forecast (26.7829) minus observation (20) elevation difference of 6.78288 and lapse rate value of 0.0098.
DEBUG 8: Correcting the OBS temperature from 280.287 to 279.424 for forecast (89.0534) minus observation (1) elevation difference of 88.0534 and lapse rate value of 0.0098.
DEBUG 8: Correcting the OBS temperature from 280.287 to 279.424 for forecast (89.0534) minus observation (1) elevation difference of 88.0534 and lapse rate value of 0.0098.
DEBUG 8: Correcting the OBS temperature from 280.263 to 280.376 for forecast (11.4622) minus observation (23) elevation difference of -11.5378 and lapse rate value of 0.0098.
DEBUG 8: Correcting the OBS temperature from 281.263 to 281.376 for forecast (11.4622) minus observation (23) elevation difference of -11.5378 and lapse rate value of 0.0098.
DEBUG 8: Correcting the OBS temperature from 283.213 to 284.376 for forecast (1492.32) minus observation (1611) elevation difference of -118.676 and lapse rate value of 0.0098.
DEBUG 8: Correcting the OBS temperature from 266.315 to 263.479 for forecast (2087.33) minus observation (1798) elevation difference of 289.334 and lapse rate value of 0.0098.
DEBUG 8: Correcting the OBS temperature from 266.315 to 263.479 for forecast (2087.33) minus observation (1798) elevation difference of 289.334 and lapse rate value of 0.0098.
DEBUG 8: Correcting the OBS temperature from 275.845 to 273.54 for forecast (952.222) minus observation (717) elevation difference of 235.222 and lapse rate value of 0.0098.
DEBUG 8: Correcting the OBS temperature from 270.117 to 265.384 for forecast (1562.94) minus observation (1080) elevation difference of 482.938 and lapse rate value of 0.0098.
DEBUG 8: Correcting the OBS temperature from 272.582 to 270.015 for forecast (1882) minus observation (1620) elevation difference of 262.003 and lapse rate value of 0.0098.
DEBUG 8: Correcting the OBS temperature from 276.019 to 275.889 for forecast (753.322) minus observation (740) elevation difference of 13.3221 and lapse rate value of 0.0098.
DEBUG 8: Correcting the OBS temperature from 285.193 to 284.236 for forecast (119.637) minus observation (22) elevation difference of 97.637 and lapse rate value of 0.0098.
DEBUG 8: Correcting the OBS temperature from 287.898 to 287.646 for forecast (146.733) minus observation (121) elevation difference of 25.7335 and lapse rate value of 0.0098.
DEBUG 8: Correcting the OBS temperature from 282.483 to 280.115 for forecast (277.557) minus observation (36) elevation difference of 241.557 and lapse rate value of 0.0098.
DEBUG 8: Correcting the OBS temperature from 278.639 to 278.127 for forecast (928.174) minus observation (876) elevation difference of 52.1741 and lapse rate value of 0.0098.
DEBUG 8: Correcting the OBS temperature from 289.53 to 288.71 for forecast (385.693) minus observation (302) elevation difference of 83.6928 and lapse rate value of 0.0098.
DEBUG 8: Correcting the OBS temperature from 273.269 to 272.289 for forecast (355.067) minus observation (255) elevation difference of 100.067 and lapse rate value of 0.0098.
DEBUG 8: Correcting the OBS temperature from 277.768 to 277.387 for forecast (173.944) minus observation (135) elevation difference of 38.9443 and lapse rate value of 0.0098.
DEBUG 8: Correcting the OBS temperature from 278.084 to 278.017 for forecast (26.7829) minus observation (20) elevation difference of 6.78288 and lapse rate value of 0.0098.
DEBUG 8: Correcting the OBS temperature from 280.287 to 279.424 for forecast (89.0534) minus observation (1) elevation difference of 88.0534 and lapse rate value of 0.0098.
DEBUG 8: Correcting the OBS temperature from 279.287 to 278.424 for forecast (89.0534) minus observation (1) elevation difference of 88.0534 and lapse rate value of 0.0098.
DEBUG 8: Correcting the OBS temperature from 280.213 to 279.976 for forecast (43.1589) minus observation (19) elevation difference of 24.1589 and lapse rate value of 0.0098.
DEBUG 8: Correcting the OBS temperature from 265.315 to 262.479 for forecast (2087.33) minus observation (1798) elevation difference of 289.334 and lapse rate value of 0.0098.
DEBUG 8: Correcting the OBS temperature from 277.643 to 276.036 for forecast (323.973) minus observation (160) elevation difference of 163.973 and lapse rate value of 0.0098.
DEBUG 8: Correcting the OBS temperature from 281.717 to 281.283 for forecast (48.2148) minus observation (4) elevation difference of 44.2148 and lapse rate value of 0.0098.
DEBUG 8: Correcting the OBS temperature from 286.646 to 286.842 for forecast (-6.98568) minus observation (13) elevation difference of -19.9857 and lapse rate value of 0.0098.
DEBUG 8: Correcting the OBS temperature from 281.59 to 281.131 for forecast (73.908) minus observation (27) elevation difference of 46.908 and lapse rate value of 0.0098.
DEBUG 8: Correcting the OBS temperature from 287.099 to 281.047 for forecast (758.499) minus observation (141) elevation difference of 617.499 and lapse rate value of 0.0098.
DEBUG 8: Correcting the OBS temperature from 281.965 to 281.38 for forecast (112.697) minus observation (53) elevation difference of 59.6966 and lapse rate value of 0.0098.
DEBUG 8: Correcting the OBS temperature from 284.255 to 283.66 for forecast (347.738) minus observation (287) elevation difference of 60.7377 and lapse rate value of 0.0098.
DEBUG 8: Correcting the OBS temperature from 278.899 to 277.948 for forecast (871.045) minus observation (774) elevation difference of 97.0453 and lapse rate value of 0.0098.
DEBUG 8: Correcting the OBS temperature from 276.1 to 275.05 for forecast (134.157) minus observation (27) elevation difference of 107.157 and lapse rate value of 0.0098.
DEBUG 8: Correcting the OBS temperature from 276.1 to 275.05 for forecast (134.157) minus observation (27) elevation difference of 107.157 and lapse rate value of 0.0098.
DEBUG 8: Correcting the OBS temperature from 283.912 to 284.073 for forecast (83.517) minus observation (100) elevation difference of -16.483 and lapse rate value of 0.0098.
DEBUG 8: Correcting the OBS temperature from 277.393 to 276.635 for forecast (112.28) minus observation (35) elevation difference of 77.2805 and lapse rate value of 0.0098.
DEBUG 8: Correcting the OBS temperature from 268.527 to 266.104 for forecast (2156.22) minus observation (1909) elevation difference of 247.225 and lapse rate value of 0.0098.
DEBUG 8: Correcting the OBS temperature from 281.534 to 280.919 for forecast (99.8175) minus observation (37) elevation difference of 62.8175 and lapse rate value of 0.0098.
DEBUG 8: Correcting the OBS temperature from 280.534 to 279.919 for forecast (99.8175) minus observation (37) elevation difference of 62.8175 and lapse rate value of 0.0098.
DEBUG 8: Correcting the OBS temperature from 283.378 to 284.605 for forecast (341.736) minus observation (467) elevation difference of -125.264 and lapse rate value of 0.0098.
DEBUG 8: Correcting the OBS temperature from 285.378 to 286.605 for forecast (341.736) minus observation (467) elevation difference of -125.264 and lapse rate value of 0.0098.
DEBUG 8: Correcting the OBS temperature from 280.713 to 279.376 for forecast (202.426) minus observation (66) elevation difference of 136.426 and lapse rate value of 0.0098.
DEBUG 8: Correcting the OBS temperature from 281.342 to 280.634 for forecast (89.2412) minus observation (17) elevation difference of 72.2412 and lapse rate value of 0.0098.
DEBUG 8: Correcting the OBS temperature from 288.566 to 288.981 for forecast (-25.4011) minus observation (17) elevation difference of -42.4011 and lapse rate value of 0.0098.
DEBUG 8: Correcting the OBS temperature from 276.1 to 275.05 for forecast (134.157) minus observation (27) elevation difference of 107.157 and lapse rate value of 0.0098.
DEBUG 8: Correcting the OBS temperature from 278.598 to 279.046 for forecast (66.2673) minus observation (112) elevation difference of -45.7327 and lapse rate value of 0.0098.
DEBUG 8: Correcting the OBS temperature from 284.482 to 286.414 for forecast (1181.86) minus observation (1379) elevation difference of -197.142 and lapse rate value of 0.0098.
DEBUG 8: Correcting the OBS temperature from 273.899 to 271.847 for forecast (273.324) minus observation (64) elevation difference of 209.324 and lapse rate value of 0.0098.
DEBUG 8: Correcting the OBS temperature from 287.361 to 285.972 for forecast (857.754) minus observation (716) elevation difference of 141.754 and lapse rate value of 0.0098.
DEBUG 8: Correcting the OBS temperature from 280.534 to 279.919 for forecast (99.8175) minus observation (37) elevation difference of 62.8175 and lapse rate value of 0.0098.
DEBUG 8: Correcting the OBS temperature from 285.378 to 286.605 for forecast (341.736) minus observation (467) elevation difference of -125.264 and lapse rate value of 0.0098.
DEBUG 8: Correcting the OBS temperature from 267.243 to 265.235 for forecast (1519.84) minus observation (1315) elevation difference of 204.842 and lapse rate value of 0.0098.
DEBUG 8: Correcting the OBS temperature from 281.684 to 282.218 for forecast (858.524) minus observation (913) elevation difference of -54.4763 and lapse rate value of 0.0098.
DEBUG 2: 
DEBUG 2: --------------------------------------------------------------------------------
DEBUG 2: 
DEBUG 2: Processing ensemble member file: /d1/projects/MET/MET_test_data/unit_test/model_data/grib1/arw-tom-gep7/arw-tom-gep7_2012040912_F012.grib
DEBUG 4: Met2dDataFileFactory::new_met_2d_data_file() -> created new Met2dDataFile object of type "FileType_Gb1".
DEBUG 4: 
DEBUG 4: Stereographic Grid Data:
DEBUG 4:   hemisphere: N
DEBUG 4:    scale_lat: 60
DEBUG 4:      lat_pin: 31.357
DEBUG 4:      lon_pin: 129.77
DEBUG 4:        x_pin: 0
DEBUG 4:        y_pin: 0
DEBUG 4:   lon_orient: 120.5
DEBUG 4:         d_km: 10.395
DEBUG 4:        dy_km: 10.395
DEBUG 4:         r_km: 6371.2
DEBUG 4:           nx: 169
DEBUG 4:           ny: 154
DEBUG 4: 
DEBUG 3: MetGrib1DataFile::data_plane_array() -> Found exact match for VarInfo "TMP/Z2" in GRIB record 152 of GRIB file "/d1/projects/MET/MET_test_data/unit_test/model_data/grib1/arw-tom-gep7/arw-tom-gep7_2012040912_F012.grib".
DEBUG 4: 
DEBUG 4: Grid information:
DEBUG 4:    Projection: Stereographic
DEBUG 4:    Nx: 169
DEBUG 4:    Ny: 154
DEBUG 4:    IsNorthHemisphere: true
DEBUG 4:    Lon_orient: 120.500
DEBUG 4:    Bx: 103.479
DEBUG 4:    By: 633.993
DEBUG 4:    Alpha: 1143.7057
DEBUG 4: 
DEBUG 4: Data plane information:
DEBUG 4:    plane min: 273.598
DEBUG 4:    plane max: 305.905
DEBUG 4:    valid time: 20120410_000000
DEBUG 4:    lead time: 120000
DEBUG 4:    init time: 20120409_120000
DEBUG 4:    accum time: 000000
DEBUG 4: 
DEBUG 3: MetGrib1DataFile::data_plane_array() -> Found 1 GRIB records matching VarInfo "TMP/Z2" in GRIB file "/d1/projects/MET/MET_test_data/unit_test/model_data/grib1/arw-tom-gep7/arw-tom-gep7_2012040912_F012.grib".
DEBUG 2: For TMP/Z2 found 1 forecast levels.
DEBUG 8: Correcting the OBS temperature from 284.335 to 284.42 for forecast (3.32829) minus observation (12) elevation difference of -8.67171 and lapse rate value of 0.0098.
DEBUG 8: Correcting the OBS temperature from 282.194 to 282.338 for forecast (59.2814) minus observation (74) elevation difference of -14.7186 and lapse rate value of 0.0098.
DEBUG 8: Correcting the OBS temperature from 279.449 to 279.647 for forecast (51.7402) minus observation (72) elevation difference of -20.2598 and lapse rate value of 0.0098.
DEBUG 8: Correcting the OBS temperature from 277.688 to 277.826 for forecast (62.9403) minus observation (77) elevation difference of -14.0597 and lapse rate value of 0.0098.
DEBUG 8: Correcting the OBS temperature from 279.06 to 277.171 for forecast (1201.83) minus observation (1009) elevation difference of 192.83 and lapse rate value of 0.0098.
DEBUG 8: Correcting the OBS temperature from 263.923 to 259.696 for forecast (2604.33) minus observation (2173) elevation difference of 431.334 and lapse rate value of 0.0098.
DEBUG 8: Correcting the OBS temperature from 264.923 to 260.696 for forecast (2604.33) minus observation (2173) elevation difference of 431.334 and lapse rate value of 0.0098.
DEBUG 8: Correcting the OBS temperature from 278.063 to 277.976 for forecast (654.854) minus observation (646) elevation difference of 8.85423 and lapse rate value of 0.0098.
DEBUG 8: Correcting the OBS temperature from 279.063 to 278.976 for forecast (654.854) minus observation (646) elevation difference of 8.85423 and lapse rate value of 0.0098.
DEBUG 8: Correcting the OBS temperature from 274.325 to 273.3 for forecast (1758.6) minus observation (1654) elevation difference of 104.6 and lapse rate value of 0.0098.
DEBUG 8: Correcting the OBS temperature from 281.554 to 281.659 for forecast (-3.6563) minus observation (7) elevation difference of -10.6563 and lapse rate value of 0.0098.
DEBUG 8: Correcting the OBS temperature from 281.453 to 281.456 for forecast (18.7) minus observation (19) elevation difference of -0.300049 and lapse rate value of 0.0098.
DEBUG 8: Correcting the OBS temperature from 277.67 to 274.989 for forecast (460.506) minus observation (187) elevation difference of 273.506 and lapse rate value of 0.0098.
DEBUG 8: Correcting the OBS temperature from 271.245 to 267.339 for forecast (1830.51) minus observation (1432) elevation difference of 398.508 and lapse rate value of 0.0098.
DEBUG 8: Correcting the OBS temperature from 269.245 to 265.339 for forecast (1830.51) minus observation (1432) elevation difference of 398.508 and lapse rate value of 0.0098.
DEBUG 8: Correcting the OBS temperature from 282.924 to 282.699 for forecast (82.0101) minus observation (59) elevation difference of 23.0101 and lapse rate value of 0.0098.
DEBUG 8: Correcting the OBS temperature from 272.483 to 270.716 for forecast (1992.31) minus observation (1812) elevation difference of 180.312 and lapse rate value of 0.0098.
DEBUG 8: Correcting the OBS temperature from 283.065 to 282.98 for forecast (161.684) minus observation (153) elevation difference of 8.68373 and lapse rate value of 0.0098.
DEBUG 8: Correcting the OBS temperature from 275.287 to 275.223 for forecast (1271.46) minus observation (1265) elevation difference of 6.45755 and lapse rate value of 0.0098.
DEBUG 8: Correcting the OBS temperature from 273.527 to 273.304 for forecast (1257.75) minus observation (1235) elevation difference of 22.7488 and lapse rate value of 0.0098.
DEBUG 8: Correcting the OBS temperature from 283.219 to 288.288 for forecast (653.741) minus observation (1171) elevation difference of -517.259 and lapse rate value of 0.0098.
DEBUG 8: Correcting the OBS temperature from 285.814 to 285.679 for forecast (21.8479) minus observation (8) elevation difference of 13.8479 and lapse rate value of 0.0098.
DEBUG 8: Correcting the OBS temperature from 282.563 to 281.376 for forecast (370.101) minus observation (249) elevation difference of 121.101 and lapse rate value of 0.0098.
DEBUG 8: Correcting the OBS temperature from 277.114 to 276.678 for forecast (46.4791) minus observation (2) elevation difference of 44.4791 and lapse rate value of 0.0098.
DEBUG 8: Correcting the OBS temperature from 280.658 to 280.365 for forecast (42.8431) minus observation (13) elevation difference of 29.8431 and lapse rate value of 0.0098.
DEBUG 8: Correcting the OBS temperature from 281.795 to 281.041 for forecast (321.008) minus observation (244) elevation difference of 77.0079 and lapse rate value of 0.0098.
DEBUG 8: Correcting the OBS temperature from 284.176 to 282.402 for forecast (853.006) minus observation (672) elevation difference of 181.006 and lapse rate value of 0.0098.
DEBUG 8: Correcting the OBS temperature from 280.87 to 280.791 for forecast (56.1324) minus observation (48) elevation difference of 8.1324 and lapse rate value of 0.0098.
DEBUG 8: Correcting the OBS temperature from 278.877 to 276.804 for forecast (229.553) minus observation (18) elevation difference of 211.553 and lapse rate value of 0.0098.
DEBUG 8: Correcting the OBS temperature from 279.311 to 279.472 for forecast (40.5773) minus observation (57) elevation difference of -16.4227 and lapse rate value of 0.0098.
DEBUG 8: Correcting the OBS temperature from 279.311 to 279.472 for forecast (40.5773) minus observation (57) elevation difference of -16.4227 and lapse rate value of 0.0098.
DEBUG 8: Correcting the OBS temperature from 263.923 to 259.696 for forecast (2604.33) minus observation (2173) elevation difference of 431.334 and lapse rate value of 0.0098.
DEBUG 8: Correcting the OBS temperature from 278.063 to 277.976 for forecast (654.854) minus observation (646) elevation difference of 8.85423 and lapse rate value of 0.0098.
DEBUG 8: Correcting the OBS temperature from 269.245 to 265.339 for forecast (1830.51) minus observation (1432) elevation difference of 398.508 and lapse rate value of 0.0098.
DEBUG 8: Correcting the OBS temperature from 281.516 to 281.582 for forecast (101.253) minus observation (108) elevation difference of -6.74717 and lapse rate value of 0.0098.
DEBUG 8: Correcting the OBS temperature from 276.122 to 276.093 for forecast (775.896) minus observation (773) elevation difference of 2.8964 and lapse rate value of 0.0098.
DEBUG 8: Correcting the OBS temperature from 277.122 to 277.093 for forecast (775.896) minus observation (773) elevation difference of 2.8964 and lapse rate value of 0.0098.
DEBUG 8: Correcting the OBS temperature from 276.017 to 275.584 for forecast (712.201) minus observation (668) elevation difference of 44.2007 and lapse rate value of 0.0098.
DEBUG 8: Correcting the OBS temperature from 273.059 to 272.969 for forecast (1064.24) minus observation (1055) elevation difference of 9.24469 and lapse rate value of 0.0098.
DEBUG 8: Correcting the OBS temperature from 274.059 to 273.969 for forecast (1064.24) minus observation (1055) elevation difference of 9.24469 and lapse rate value of 0.0098.
DEBUG 8: Correcting the OBS temperature from 279.141 to 278.431 for forecast (186.391) minus observation (114) elevation difference of 72.3907 and lapse rate value of 0.0098.
DEBUG 8: Correcting the OBS temperature from 262.976 to 259.501 for forecast (2334.52) minus observation (1980) elevation difference of 354.519 and lapse rate value of 0.0098.
DEBUG 8: Correcting the OBS temperature from 272.634 to 272.719 for forecast (929.387) minus observation (938) elevation difference of -8.61339 and lapse rate value of 0.0098.
DEBUG 8: Correcting the OBS temperature from 282.946 to 282.741 for forecast (27.8497) minus observation (7) elevation difference of 20.8497 and lapse rate value of 0.0098.
DEBUG 8: Correcting the OBS temperature from 275.209 to 273.968 for forecast (551.639) minus observation (425) elevation difference of 126.639 and lapse rate value of 0.0098.
DEBUG 8: Correcting the OBS temperature from 284.201 to 284.652 for forecast (53.9755) minus observation (100) elevation difference of -46.0245 and lapse rate value of 0.0098.
DEBUG 8: Correcting the OBS temperature from 273.238 to 271.326 for forecast (400.085) minus observation (205) elevation difference of 195.085 and lapse rate value of 0.0098.
DEBUG 8: Correcting the OBS temperature from 273.238 to 271.326 for forecast (400.085) minus observation (205) elevation difference of 195.085 and lapse rate value of 0.0098.
DEBUG 8: Correcting the OBS temperature from 281.866 to 279.982 for forecast (779.263) minus observation (587) elevation difference of 192.263 and lapse rate value of 0.0098.
DEBUG 8: Correcting the OBS temperature from 278.804 to 278.359 for forecast (747.471) minus observation (702) elevation difference of 45.4714 and lapse rate value of 0.0098.
DEBUG 8: Correcting the OBS temperature from 284.946 to 285.141 for forecast (729.034) minus observation (749) elevation difference of -19.9657 and lapse rate value of 0.0098.
DEBUG 8: Correcting the OBS temperature from 285.671 to 284.291 for forecast (804.745) minus observation (664) elevation difference of 140.745 and lapse rate value of 0.0098.
DEBUG 8: Correcting the OBS temperature from 279.311 to 279.472 for forecast (40.5773) minus observation (57) elevation difference of -16.4227 and lapse rate value of 0.0098.
DEBUG 8: Correcting the OBS temperature from 266.989 to 263.628 for forecast (2251.95) minus observation (1909) elevation difference of 342.947 and lapse rate value of 0.0098.
DEBUG 8: Correcting the OBS temperature from 277.122 to 277.093 for forecast (775.896) minus observation (773) elevation difference of 2.8964 and lapse rate value of 0.0098.
DEBUG 8: Correcting the OBS temperature from 273.059 to 272.969 for forecast (1064.24) minus observation (1055) elevation difference of 9.24469 and lapse rate value of 0.0098.
DEBUG 8: Correcting the OBS temperature from 290.382 to 290.414 for forecast (61.7106) minus observation (65) elevation difference of -3.28943 and lapse rate value of 0.0098.
DEBUG 8: Correcting the OBS temperature from 281.712 to 281.974 for forecast (101.266) minus observation (128) elevation difference of -26.734 and lapse rate value of 0.0098.
DEBUG 8: Correcting the OBS temperature from 293.314 to 297.877 for forecast (22.3333) minus observation (488) elevation difference of -465.667 and lapse rate value of 0.0098.
DEBUG 8: Correcting the OBS temperature from 275.043 to 273.635 for forecast (306.62) minus observation (163) elevation difference of 143.62 and lapse rate value of 0.0098.
DEBUG 8: Correcting the OBS temperature from 283.728 to 283.706 for forecast (21.2687) minus observation (19) elevation difference of 2.2687 and lapse rate value of 0.0098.
DEBUG 8: Correcting the OBS temperature from 283.884 to 284.017 for forecast (18.3757) minus observation (32) elevation difference of -13.6243 and lapse rate value of 0.0098.
DEBUG 8: Correcting the OBS temperature from 273.376 to 276.602 for forecast (1728.84) minus observation (2058) elevation difference of -329.162 and lapse rate value of 0.0098.
DEBUG 8: Correcting the OBS temperature from 273.376 to 276.602 for forecast (1728.84) minus observation (2058) elevation difference of -329.162 and lapse rate value of 0.0098.
DEBUG 8: Correcting the OBS temperature from 284.067 to 282.783 for forecast (756.964) minus observation (626) elevation difference of 130.964 and lapse rate value of 0.0098.
DEBUG 8: Correcting the OBS temperature from 273.238 to 271.326 for forecast (400.085) minus observation (205) elevation difference of 195.085 and lapse rate value of 0.0098.
DEBUG 8: Correcting the OBS temperature from 279.322 to 279.394 for forecast (69.6357) minus observation (77) elevation difference of -7.36433 and lapse rate value of 0.0098.
DEBUG 8: Correcting the OBS temperature from 277.225 to 276.3 for forecast (95.3984) minus observation (1) elevation difference of 94.3984 and lapse rate value of 0.0098.
DEBUG 8: Correcting the OBS temperature from 278.225 to 277.3 for forecast (95.3984) minus observation (1) elevation difference of 94.3984 and lapse rate value of 0.0098.
DEBUG 8: Correcting the OBS temperature from 277.376 to 276.602 for forecast (88.9592) minus observation (10) elevation difference of 78.9592 and lapse rate value of 0.0098.
DEBUG 8: Correcting the OBS temperature from 277.353 to 276.557 for forecast (109.296) minus observation (28) elevation difference of 81.2958 and lapse rate value of 0.0098.
DEBUG 8: Correcting the OBS temperature from 277.353 to 276.557 for forecast (109.296) minus observation (28) elevation difference of 81.2958 and lapse rate value of 0.0098.
DEBUG 8: Correcting the OBS temperature from 263.109 to 257.469 for forecast (2642.58) minus observation (2067) elevation difference of 575.582 and lapse rate value of 0.0098.
DEBUG 8: Correcting the OBS temperature from 282.078 to 281.007 for forecast (182.347) minus observation (73) elevation difference of 109.347 and lapse rate value of 0.0098.
DEBUG 8: Correcting the OBS temperature from 283.078 to 282.007 for forecast (182.347) minus observation (73) elevation difference of 109.347 and lapse rate value of 0.0098.
DEBUG 8: Correcting the OBS temperature from 275.061 to 274.171 for forecast (1337.75) minus observation (1247) elevation difference of 90.7522 and lapse rate value of 0.0098.
DEBUG 8: Correcting the OBS temperature from 285.291 to 285.731 for forecast (84.0405) minus observation (129) elevation difference of -44.9595 and lapse rate value of 0.0098.
DEBUG 8: Correcting the OBS temperature from 275.814 to 274.579 for forecast (150.072) minus observation (24) elevation difference of 126.072 and lapse rate value of 0.0098.
DEBUG 8: Correcting the OBS temperature from 282.126 to 282.101 for forecast (13.4988) minus observation (11) elevation difference of 2.49883 and lapse rate value of 0.0098.
DEBUG 8: Correcting the OBS temperature from 283.935 to 283.62 for forecast (61.1372) minus observation (29) elevation difference of 32.1372 and lapse rate value of 0.0098.
DEBUG 8: Correcting the OBS temperature from 277.997 to 278.045 for forecast (464.167) minus observation (469) elevation difference of -4.83295 and lapse rate value of 0.0098.
DEBUG 8: Correcting the OBS temperature from 283.072 to 282.994 for forecast (63.958) minus observation (56) elevation difference of 7.95801 and lapse rate value of 0.0098.
DEBUG 8: Correcting the OBS temperature from 273.376 to 276.602 for forecast (1728.84) minus observation (2058) elevation difference of -329.162 and lapse rate value of 0.0098.
DEBUG 8: Correcting the OBS temperature from 275.174 to 272.797 for forecast (245.487) minus observation (3) elevation difference of 242.487 and lapse rate value of 0.0098.
DEBUG 8: Correcting the OBS temperature from 287.589 to 286.828 for forecast (1038.67) minus observation (961) elevation difference of 77.6706 and lapse rate value of 0.0098.
DEBUG 8: Correcting the OBS temperature from 280.271 to 279.092 for forecast (816.298) minus observation (696) elevation difference of 120.298 and lapse rate value of 0.0098.
DEBUG 8: Correcting the OBS temperature from 274.852 to 272.555 for forecast (304.461) minus observation (70) elevation difference of 234.461 and lapse rate value of 0.0098.
DEBUG 8: Correcting the OBS temperature from 277.225 to 276.3 for forecast (95.3984) minus observation (1) elevation difference of 94.3984 and lapse rate value of 0.0098.
DEBUG 8: Correcting the OBS temperature from 279.353 to 278.557 for forecast (109.296) minus observation (28) elevation difference of 81.2958 and lapse rate value of 0.0098.
DEBUG 8: Correcting the OBS temperature from 284.078 to 283.007 for forecast (182.347) minus observation (73) elevation difference of 109.347 and lapse rate value of 0.0098.
DEBUG 8: Correcting the OBS temperature from 273.276 to 271.203 for forecast (1018.6) minus observation (807) elevation difference of 211.604 and lapse rate value of 0.0098.
DEBUG 8: Correcting the OBS temperature from 284.341 to 283.833 for forecast (67.9073) minus observation (16) elevation difference of 51.9073 and lapse rate value of 0.0098.
DEBUG 8: Correcting the OBS temperature from 281.126 to 281.101 for forecast (13.4988) minus observation (11) elevation difference of 2.49883 and lapse rate value of 0.0098.
DEBUG 8: Correcting the OBS temperature from 281.126 to 281.101 for forecast (13.4988) minus observation (11) elevation difference of 2.49883 and lapse rate value of 0.0098.
DEBUG 8: Correcting the OBS temperature from 276.982 to 276.413 for forecast (773.006) minus observation (715) elevation difference of 58.0065 and lapse rate value of 0.0098.
DEBUG 8: Correcting the OBS temperature from 284.637 to 281.125 for forecast (570.426) minus observation (212) elevation difference of 358.426 and lapse rate value of 0.0098.
DEBUG 8: Correcting the OBS temperature from 284.409 to 284.667 for forecast (644.609) minus observation (671) elevation difference of -26.3912 and lapse rate value of 0.0098.
DEBUG 8: Correcting the OBS temperature from 283.409 to 283.667 for forecast (644.609) minus observation (671) elevation difference of -26.3912 and lapse rate value of 0.0098.
DEBUG 8: Correcting the OBS temperature from 272.852 to 270.555 for forecast (304.461) minus observation (70) elevation difference of 234.461 and lapse rate value of 0.0098.
DEBUG 8: Correcting the OBS temperature from 272.852 to 270.555 for forecast (304.461) minus observation (70) elevation difference of 234.461 and lapse rate value of 0.0098.
DEBUG 8: Correcting the OBS temperature from 277.729 to 276.708 for forecast (153.17) minus observation (49) elevation difference of 104.17 and lapse rate value of 0.0098.
DEBUG 8: Correcting the OBS temperature from 281.069 to 281.188 for forecast (-4.14868) minus observation (8) elevation difference of -12.1487 and lapse rate value of 0.0098.
DEBUG 8: Correcting the OBS temperature from 275.666 to 275.383 for forecast (1227.94) minus observation (1199) elevation difference of 28.9394 and lapse rate value of 0.0098.
DEBUG 8: Correcting the OBS temperature from 272.176 to 270.602 for forecast (1725.59) minus observation (1565) elevation difference of 160.59 and lapse rate value of 0.0098.
DEBUG 8: Correcting the OBS temperature from 284.991 to 284.633 for forecast (45.5918) minus observation (9) elevation difference of 36.5918 and lapse rate value of 0.0098.
DEBUG 8: Correcting the OBS temperature from 275.945 to 275.44 for forecast (752.533) minus observation (701) elevation difference of 51.5329 and lapse rate value of 0.0098.
DEBUG 8: Correcting the OBS temperature from 278.534 to 276.918 for forecast (1013.92) minus observation (849) elevation difference of 164.922 and lapse rate value of 0.0098.
DEBUG 8: Correcting the OBS temperature from 276.534 to 274.918 for forecast (1013.92) minus observation (849) elevation difference of 164.922 and lapse rate value of 0.0098.
DEBUG 8: Correcting the OBS temperature from 283.637 to 280.125 for forecast (570.426) minus observation (212) elevation difference of 358.426 and lapse rate value of 0.0098.
DEBUG 8: Correcting the OBS temperature from 284.409 to 284.667 for forecast (644.609) minus observation (671) elevation difference of -26.3912 and lapse rate value of 0.0098.
DEBUG 8: Correcting the OBS temperature from 281.461 to 281.772 for forecast (57.2762) minus observation (89) elevation difference of -31.7238 and lapse rate value of 0.0098.
DEBUG 8: Correcting the OBS temperature from 280.461 to 280.772 for forecast (57.2762) minus observation (89) elevation difference of -31.7238 and lapse rate value of 0.0098.
DEBUG 8: Correcting the OBS temperature from 276.719 to 274.588 for forecast (1172.42) minus observation (955) elevation difference of 217.425 and lapse rate value of 0.0098.
DEBUG 8: Correcting the OBS temperature from 282.865 to 282.579 for forecast (34.1201) minus observation (5) elevation difference of 29.1201 and lapse rate value of 0.0098.
DEBUG 8: Correcting the OBS temperature from 279.927 to 278.905 for forecast (111.343) minus observation (7) elevation difference of 104.343 and lapse rate value of 0.0098.
DEBUG 8: Correcting the OBS temperature from 278.408 to 276.967 for forecast (185.111) minus observation (38) elevation difference of 147.111 and lapse rate value of 0.0098.
DEBUG 8: Correcting the OBS temperature from 281.065 to 281.18 for forecast (-3.73513) minus observation (8) elevation difference of -11.7351 and lapse rate value of 0.0098.
DEBUG 8: Correcting the OBS temperature from 280.101 to 280.052 for forecast (25.9846) minus observation (21) elevation difference of 4.98465 and lapse rate value of 0.0098.
DEBUG 8: Correcting the OBS temperature from 280.101 to 280.052 for forecast (25.9846) minus observation (21) elevation difference of 4.98465 and lapse rate value of 0.0098.
DEBUG 8: Correcting the OBS temperature from 282.113 to 281.676 for forecast (78.6087) minus observation (34) elevation difference of 44.6087 and lapse rate value of 0.0098.
DEBUG 8: Correcting the OBS temperature from 273.008 to 269.567 for forecast (1692.18) minus observation (1341) elevation difference of 351.178 and lapse rate value of 0.0098.
DEBUG 8: Correcting the OBS temperature from 272.204 to 270.657 for forecast (1490.79) minus observation (1333) elevation difference of 157.79 and lapse rate value of 0.0098.
DEBUG 8: Correcting the OBS temperature from 275.878 to 274.206 for forecast (575.599) minus observation (405) elevation difference of 170.599 and lapse rate value of 0.0098.
DEBUG 8: Correcting the OBS temperature from 276.458 to 275.866 for forecast (1325.39) minus observation (1265) elevation difference of 60.3908 and lapse rate value of 0.0098.
DEBUG 8: Correcting the OBS temperature from 280.697 to 281.544 for forecast (1147.58) minus observation (1234) elevation difference of -86.4164 and lapse rate value of 0.0098.
DEBUG 8: Correcting the OBS temperature from 277.091 to 276.632 for forecast (55.8244) minus observation (9) elevation difference of 46.8244 and lapse rate value of 0.0098.
DEBUG 8: Correcting the OBS temperature from 279.641 to 278.932 for forecast (270.352) minus observation (198) elevation difference of 72.3521 and lapse rate value of 0.0098.
DEBUG 8: Correcting the OBS temperature from 281.481 to 279.813 for forecast (406.276) minus observation (236) elevation difference of 170.276 and lapse rate value of 0.0098.
DEBUG 8: Correcting the OBS temperature from 279.091 to 278.331 for forecast (100.479) minus observation (23) elevation difference of 77.4794 and lapse rate value of 0.0098.
DEBUG 8: Correcting the OBS temperature from 277.534 to 275.918 for forecast (1013.92) minus observation (849) elevation difference of 164.922 and lapse rate value of 0.0098.
DEBUG 8: Correcting the OBS temperature from 283.085 to 283.02 for forecast (156.646) minus observation (150) elevation difference of 6.64619 and lapse rate value of 0.0098.
DEBUG 8: Correcting the OBS temperature from 281.876 to 280.702 for forecast (689.773) minus observation (570) elevation difference of 119.773 and lapse rate value of 0.0098.
DEBUG 8: Correcting the OBS temperature from 280.461 to 280.772 for forecast (57.2762) minus observation (89) elevation difference of -31.7238 and lapse rate value of 0.0098.
DEBUG 8: Correcting the OBS temperature from 266.972 to 260.193 for forecast (1954.66) minus observation (1263) elevation difference of 691.665 and lapse rate value of 0.0098.
DEBUG 8: Correcting the OBS temperature from 280.069 to 278.688 for forecast (152.907) minus observation (12) elevation difference of 140.907 and lapse rate value of 0.0098.
DEBUG 8: Correcting the OBS temperature from 282.736 to 282.923 for forecast (10.9788) minus observation (30) elevation difference of -19.0212 and lapse rate value of 0.0098.
DEBUG 8: Correcting the OBS temperature from 279.079 to 277.807 for forecast (143.724) minus observation (14) elevation difference of 129.724 and lapse rate value of 0.0098.
DEBUG 8: Correcting the OBS temperature from 277.28 to 275.811 for forecast (270.964) minus observation (121) elevation difference of 149.964 and lapse rate value of 0.0098.
DEBUG 8: Correcting the OBS temperature from 280.408 to 279.666 for forecast (78.694) minus observation (3) elevation difference of 75.694 and lapse rate value of 0.0098.
DEBUG 8: Correcting the OBS temperature from 280.708 to 279.966 for forecast (78.694) minus observation (3) elevation difference of 75.694 and lapse rate value of 0.0098.
DEBUG 8: Correcting the OBS temperature from 280.408 to 279.666 for forecast (78.694) minus observation (3) elevation difference of 75.694 and lapse rate value of 0.0098.
DEBUG 8: Correcting the OBS temperature from 279.101 to 279.052 for forecast (25.9846) minus observation (21) elevation difference of 4.98465 and lapse rate value of 0.0098.
DEBUG 8: Correcting the OBS temperature from 281.263 to 281.376 for forecast (11.4622) minus observation (23) elevation difference of -11.5378 and lapse rate value of 0.0098.
DEBUG 8: Correcting the OBS temperature from 280.263 to 280.376 for forecast (11.4622) minus observation (23) elevation difference of -11.5378 and lapse rate value of 0.0098.
DEBUG 8: Correcting the OBS temperature from 271.077 to 270.104 for forecast (1289.28) minus observation (1190) elevation difference of 99.284 and lapse rate value of 0.0098.
DEBUG 8: Correcting the OBS temperature from 275.845 to 273.54 for forecast (952.222) minus observation (717) elevation difference of 235.222 and lapse rate value of 0.0098.
DEBUG 8: Correcting the OBS temperature from 275.845 to 273.54 for forecast (952.222) minus observation (717) elevation difference of 235.222 and lapse rate value of 0.0098.
DEBUG 8: Correcting the OBS temperature from 272.582 to 270.015 for forecast (1882) minus observation (1620) elevation difference of 262.003 and lapse rate value of 0.0098.
DEBUG 8: Correcting the OBS temperature from 272.582 to 270.015 for forecast (1882) minus observation (1620) elevation difference of 262.003 and lapse rate value of 0.0098.
DEBUG 8: Correcting the OBS temperature from 281.044 to 279.537 for forecast (1027.71) minus observation (874) elevation difference of 153.708 and lapse rate value of 0.0098.
DEBUG 8: Correcting the OBS temperature from 273.468 to 272.685 for forecast (1350.84) minus observation (1271) elevation difference of 79.8401 and lapse rate value of 0.0098.
DEBUG 8: Correcting the OBS temperature from 275.019 to 274.889 for forecast (753.322) minus observation (740) elevation difference of 13.3221 and lapse rate value of 0.0098.
DEBUG 8: Correcting the OBS temperature from 276.019 to 275.889 for forecast (753.322) minus observation (740) elevation difference of 13.3221 and lapse rate value of 0.0098.
DEBUG 8: Correcting the OBS temperature from 281.844 to 281.537 for forecast (183.258) minus observation (152) elevation difference of 31.2575 and lapse rate value of 0.0098.
DEBUG 8: Correcting the OBS temperature from 283.158 to 283.165 for forecast (159.229) minus observation (160) elevation difference of -0.771281 and lapse rate value of 0.0098.
DEBUG 8: Correcting the OBS temperature from 275.187 to 273.923 for forecast (930.928) minus observation (802) elevation difference of 128.928 and lapse rate value of 0.0098.
DEBUG 8: Correcting the OBS temperature from 279.639 to 279.127 for forecast (928.174) minus observation (876) elevation difference of 52.1741 and lapse rate value of 0.0098.
DEBUG 8: Correcting the OBS temperature from 279.639 to 279.127 for forecast (928.174) minus observation (876) elevation difference of 52.1741 and lapse rate value of 0.0098.
DEBUG 8: Correcting the OBS temperature from 276.837 to 276.124 for forecast (145.737) minus observation (73) elevation difference of 72.7368 and lapse rate value of 0.0098.
DEBUG 8: Correcting the OBS temperature from 277.768 to 277.387 for forecast (173.944) minus observation (135) elevation difference of 38.9443 and lapse rate value of 0.0098.
DEBUG 8: Correcting the OBS temperature from 276.768 to 276.387 for forecast (173.944) minus observation (135) elevation difference of 38.9443 and lapse rate value of 0.0098.
DEBUG 8: Correcting the OBS temperature from 277.159 to 275.068 for forecast (239.366) minus observation (26) elevation difference of 213.366 and lapse rate value of 0.0098.
DEBUG 8: Correcting the OBS temperature from 278.084 to 278.017 for forecast (26.7829) minus observation (20) elevation difference of 6.78288 and lapse rate value of 0.0098.
DEBUG 8: Correcting the OBS temperature from 279.084 to 279.017 for forecast (26.7829) minus observation (20) elevation difference of 6.78288 and lapse rate value of 0.0098.
DEBUG 8: Correcting the OBS temperature from 280.287 to 279.424 for forecast (89.0534) minus observation (1) elevation difference of 88.0534 and lapse rate value of 0.0098.
DEBUG 8: Correcting the OBS temperature from 280.287 to 279.424 for forecast (89.0534) minus observation (1) elevation difference of 88.0534 and lapse rate value of 0.0098.
DEBUG 8: Correcting the OBS temperature from 280.263 to 280.376 for forecast (11.4622) minus observation (23) elevation difference of -11.5378 and lapse rate value of 0.0098.
DEBUG 8: Correcting the OBS temperature from 281.263 to 281.376 for forecast (11.4622) minus observation (23) elevation difference of -11.5378 and lapse rate value of 0.0098.
DEBUG 8: Correcting the OBS temperature from 283.213 to 284.376 for forecast (1492.32) minus observation (1611) elevation difference of -118.676 and lapse rate value of 0.0098.
DEBUG 8: Correcting the OBS temperature from 266.315 to 263.479 for forecast (2087.33) minus observation (1798) elevation difference of 289.334 and lapse rate value of 0.0098.
DEBUG 8: Correcting the OBS temperature from 266.315 to 263.479 for forecast (2087.33) minus observation (1798) elevation difference of 289.334 and lapse rate value of 0.0098.
DEBUG 8: Correcting the OBS temperature from 275.845 to 273.54 for forecast (952.222) minus observation (717) elevation difference of 235.222 and lapse rate value of 0.0098.
DEBUG 8: Correcting the OBS temperature from 270.117 to 265.384 for forecast (1562.94) minus observation (1080) elevation difference of 482.938 and lapse rate value of 0.0098.
DEBUG 8: Correcting the OBS temperature from 272.582 to 270.015 for forecast (1882) minus observation (1620) elevation difference of 262.003 and lapse rate value of 0.0098.
DEBUG 8: Correcting the OBS temperature from 276.019 to 275.889 for forecast (753.322) minus observation (740) elevation difference of 13.3221 and lapse rate value of 0.0098.
DEBUG 8: Correcting the OBS temperature from 285.193 to 284.236 for forecast (119.637) minus observation (22) elevation difference of 97.637 and lapse rate value of 0.0098.
DEBUG 8: Correcting the OBS temperature from 287.898 to 287.646 for forecast (146.733) minus observation (121) elevation difference of 25.7335 and lapse rate value of 0.0098.
DEBUG 8: Correcting the OBS temperature from 282.483 to 280.115 for forecast (277.557) minus observation (36) elevation difference of 241.557 and lapse rate value of 0.0098.
DEBUG 8: Correcting the OBS temperature from 278.639 to 278.127 for forecast (928.174) minus observation (876) elevation difference of 52.1741 and lapse rate value of 0.0098.
DEBUG 8: Correcting the OBS temperature from 289.53 to 288.71 for forecast (385.693) minus observation (302) elevation difference of 83.6928 and lapse rate value of 0.0098.
DEBUG 8: Correcting the OBS temperature from 273.269 to 272.289 for forecast (355.067) minus observation (255) elevation difference of 100.067 and lapse rate value of 0.0098.
DEBUG 8: Correcting the OBS temperature from 277.768 to 277.387 for forecast (173.944) minus observation (135) elevation difference of 38.9443 and lapse rate value of 0.0098.
DEBUG 8: Correcting the OBS temperature from 278.084 to 278.017 for forecast (26.7829) minus observation (20) elevation difference of 6.78288 and lapse rate value of 0.0098.
DEBUG 8: Correcting the OBS temperature from 280.287 to 279.424 for forecast (89.0534) minus observation (1) elevation difference of 88.0534 and lapse rate value of 0.0098.
DEBUG 8: Correcting the OBS temperature from 279.287 to 278.424 for forecast (89.0534) minus observation (1) elevation difference of 88.0534 and lapse rate value of 0.0098.
DEBUG 8: Correcting the OBS temperature from 280.213 to 279.976 for forecast (43.1589) minus observation (19) elevation difference of 24.1589 and lapse rate value of 0.0098.
DEBUG 8: Correcting the OBS temperature from 265.315 to 262.479 for forecast (2087.33) minus observation (1798) elevation difference of 289.334 and lapse rate value of 0.0098.
DEBUG 8: Correcting the OBS temperature from 277.643 to 276.036 for forecast (323.973) minus observation (160) elevation difference of 163.973 and lapse rate value of 0.0098.
DEBUG 8: Correcting the OBS temperature from 281.717 to 281.283 for forecast (48.2148) minus observation (4) elevation difference of 44.2148 and lapse rate value of 0.0098.
DEBUG 8: Correcting the OBS temperature from 286.646 to 286.842 for forecast (-6.98568) minus observation (13) elevation difference of -19.9857 and lapse rate value of 0.0098.
DEBUG 8: Correcting the OBS temperature from 281.59 to 281.131 for forecast (73.908) minus observation (27) elevation difference of 46.908 and lapse rate value of 0.0098.
DEBUG 8: Correcting the OBS temperature from 287.099 to 281.047 for forecast (758.499) minus observation (141) elevation difference of 617.499 and lapse rate value of 0.0098.
DEBUG 8: Correcting the OBS temperature from 281.965 to 281.38 for forecast (112.697) minus observation (53) elevation difference of 59.6966 and lapse rate value of 0.0098.
DEBUG 8: Correcting the OBS temperature from 284.255 to 283.66 for forecast (347.738) minus observation (287) elevation difference of 60.7377 and lapse rate value of 0.0098.
DEBUG 8: Correcting the OBS temperature from 278.899 to 277.948 for forecast (871.045) minus observation (774) elevation difference of 97.0453 and lapse rate value of 0.0098.
DEBUG 8: Correcting the OBS temperature from 276.1 to 275.05 for forecast (134.157) minus observation (27) elevation difference of 107.157 and lapse rate value of 0.0098.
DEBUG 8: Correcting the OBS temperature from 276.1 to 275.05 for forecast (134.157) minus observation (27) elevation difference of 107.157 and lapse rate value of 0.0098.
DEBUG 8: Correcting the OBS temperature from 283.912 to 284.073 for forecast (83.517) minus observation (100) elevation difference of -16.483 and lapse rate value of 0.0098.
DEBUG 8: Correcting the OBS temperature from 277.393 to 276.635 for forecast (112.28) minus observation (35) elevation difference of 77.2805 and lapse rate value of 0.0098.
DEBUG 8: Correcting the OBS temperature from 268.527 to 266.104 for forecast (2156.22) minus observation (1909) elevation difference of 247.225 and lapse rate value of 0.0098.
DEBUG 8: Correcting the OBS temperature from 281.534 to 280.919 for forecast (99.8175) minus observation (37) elevation difference of 62.8175 and lapse rate value of 0.0098.
DEBUG 8: Correcting the OBS temperature from 280.534 to 279.919 for forecast (99.8175) minus observation (37) elevation difference of 62.8175 and lapse rate value of 0.0098.
DEBUG 8: Correcting the OBS temperature from 283.378 to 284.605 for forecast (341.736) minus observation (467) elevation difference of -125.264 and lapse rate value of 0.0098.
DEBUG 8: Correcting the OBS temperature from 285.378 to 286.605 for forecast (341.736) minus observation (467) elevation difference of -125.264 and lapse rate value of 0.0098.
DEBUG 8: Correcting the OBS temperature from 280.713 to 279.376 for forecast (202.426) minus observation (66) elevation difference of 136.426 and lapse rate value of 0.0098.
DEBUG 8: Correcting the OBS temperature from 281.342 to 280.634 for forecast (89.2412) minus observation (17) elevation difference of 72.2412 and lapse rate value of 0.0098.
DEBUG 8: Correcting the OBS temperature from 288.566 to 288.981 for forecast (-25.4011) minus observation (17) elevation difference of -42.4011 and lapse rate value of 0.0098.
DEBUG 8: Correcting the OBS temperature from 276.1 to 275.05 for forecast (134.157) minus observation (27) elevation difference of 107.157 and lapse rate value of 0.0098.
DEBUG 8: Correcting the OBS temperature from 278.598 to 279.046 for forecast (66.2673) minus observation (112) elevation difference of -45.7327 and lapse rate value of 0.0098.
DEBUG 8: Correcting the OBS temperature from 284.482 to 286.414 for forecast (1181.86) minus observation (1379) elevation difference of -197.142 and lapse rate value of 0.0098.
DEBUG 8: Correcting the OBS temperature from 273.899 to 271.847 for forecast (273.324) minus observation (64) elevation difference of 209.324 and lapse rate value of 0.0098.
DEBUG 8: Correcting the OBS temperature from 287.361 to 285.972 for forecast (857.754) minus observation (716) elevation difference of 141.754 and lapse rate value of 0.0098.
DEBUG 8: Correcting the OBS temperature from 280.534 to 279.919 for forecast (99.8175) minus observation (37) elevation difference of 62.8175 and lapse rate value of 0.0098.
DEBUG 8: Correcting the OBS temperature from 285.378 to 286.605 for forecast (341.736) minus observation (467) elevation difference of -125.264 and lapse rate value of 0.0098.
DEBUG 8: Correcting the OBS temperature from 267.243 to 265.235 for forecast (1519.84) minus observation (1315) elevation difference of 204.842 and lapse rate value of 0.0098.
DEBUG 8: Correcting the OBS temperature from 281.684 to 282.218 for forecast (858.524) minus observation (913) elevation difference of -54.4763 and lapse rate value of 0.0098.
DEBUG 2: Computing the ensemble mean from the members.
DEBUG 8: Correcting the OBS temperature from 284.335 to 284.42 for forecast (3.32829) minus observation (12) elevation difference of -8.67171 and lapse rate value of 0.0098.
DEBUG 8: Correcting the OBS temperature from 282.194 to 282.338 for forecast (59.2814) minus observation (74) elevation difference of -14.7186 and lapse rate value of 0.0098.
DEBUG 8: Correcting the OBS temperature from 279.449 to 279.647 for forecast (51.7402) minus observation (72) elevation difference of -20.2598 and lapse rate value of 0.0098.
DEBUG 8: Correcting the OBS temperature from 277.688 to 277.826 for forecast (62.9403) minus observation (77) elevation difference of -14.0597 and lapse rate value of 0.0098.
DEBUG 8: Correcting the OBS temperature from 279.06 to 277.171 for forecast (1201.83) minus observation (1009) elevation difference of 192.83 and lapse rate value of 0.0098.
DEBUG 8: Correcting the OBS temperature from 263.923 to 259.696 for forecast (2604.33) minus observation (2173) elevation difference of 431.334 and lapse rate value of 0.0098.
DEBUG 8: Correcting the OBS temperature from 264.923 to 260.696 for forecast (2604.33) minus observation (2173) elevation difference of 431.334 and lapse rate value of 0.0098.
DEBUG 8: Correcting the OBS temperature from 278.063 to 277.976 for forecast (654.854) minus observation (646) elevation difference of 8.85423 and lapse rate value of 0.0098.
DEBUG 8: Correcting the OBS temperature from 279.063 to 278.976 for forecast (654.854) minus observation (646) elevation difference of 8.85423 and lapse rate value of 0.0098.
DEBUG 8: Correcting the OBS temperature from 274.325 to 273.3 for forecast (1758.6) minus observation (1654) elevation difference of 104.6 and lapse rate value of 0.0098.
DEBUG 8: Correcting the OBS temperature from 281.554 to 281.659 for forecast (-3.6563) minus observation (7) elevation difference of -10.6563 and lapse rate value of 0.0098.
DEBUG 8: Correcting the OBS temperature from 281.453 to 281.456 for forecast (18.7) minus observation (19) elevation difference of -0.300049 and lapse rate value of 0.0098.
DEBUG 8: Correcting the OBS temperature from 277.67 to 274.989 for forecast (460.506) minus observation (187) elevation difference of 273.506 and lapse rate value of 0.0098.
DEBUG 8: Correcting the OBS temperature from 271.245 to 267.339 for forecast (1830.51) minus observation (1432) elevation difference of 398.508 and lapse rate value of 0.0098.
DEBUG 8: Correcting the OBS temperature from 269.245 to 265.339 for forecast (1830.51) minus observation (1432) elevation difference of 398.508 and lapse rate value of 0.0098.
DEBUG 8: Correcting the OBS temperature from 282.924 to 282.699 for forecast (82.0101) minus observation (59) elevation difference of 23.0101 and lapse rate value of 0.0098.
DEBUG 8: Correcting the OBS temperature from 272.483 to 270.716 for forecast (1992.31) minus observation (1812) elevation difference of 180.312 and lapse rate value of 0.0098.
DEBUG 8: Correcting the OBS temperature from 283.065 to 282.98 for forecast (161.684) minus observation (153) elevation difference of 8.68373 and lapse rate value of 0.0098.
DEBUG 8: Correcting the OBS temperature from 275.287 to 275.223 for forecast (1271.46) minus observation (1265) elevation difference of 6.45755 and lapse rate value of 0.0098.
DEBUG 8: Correcting the OBS temperature from 273.527 to 273.304 for forecast (1257.75) minus observation (1235) elevation difference of 22.7488 and lapse rate value of 0.0098.
DEBUG 8: Correcting the OBS temperature from 283.219 to 288.288 for forecast (653.741) minus observation (1171) elevation difference of -517.259 and lapse rate value of 0.0098.
DEBUG 8: Correcting the OBS temperature from 285.814 to 285.679 for forecast (21.8479) minus observation (8) elevation difference of 13.8479 and lapse rate value of 0.0098.
DEBUG 8: Correcting the OBS temperature from 282.563 to 281.376 for forecast (370.101) minus observation (249) elevation difference of 121.101 and lapse rate value of 0.0098.
DEBUG 8: Correcting the OBS temperature from 277.114 to 276.678 for forecast (46.4791) minus observation (2) elevation difference of 44.4791 and lapse rate value of 0.0098.
DEBUG 8: Correcting the OBS temperature from 280.658 to 280.365 for forecast (42.8431) minus observation (13) elevation difference of 29.8431 and lapse rate value of 0.0098.
DEBUG 8: Correcting the OBS temperature from 281.795 to 281.041 for forecast (321.008) minus observation (244) elevation difference of 77.0079 and lapse rate value of 0.0098.
DEBUG 8: Correcting the OBS temperature from 284.176 to 282.402 for forecast (853.006) minus observation (672) elevation difference of 181.006 and lapse rate value of 0.0098.
DEBUG 8: Correcting the OBS temperature from 280.87 to 280.791 for forecast (56.1324) minus observation (48) elevation difference of 8.1324 and lapse rate value of 0.0098.
DEBUG 8: Correcting the OBS temperature from 278.877 to 276.804 for forecast (229.553) minus observation (18) elevation difference of 211.553 and lapse rate value of 0.0098.
DEBUG 8: Correcting the OBS temperature from 279.311 to 279.472 for forecast (40.5773) minus observation (57) elevation difference of -16.4227 and lapse rate value of 0.0098.
DEBUG 8: Correcting the OBS temperature from 279.311 to 279.472 for forecast (40.5773) minus observation (57) elevation difference of -16.4227 and lapse rate value of 0.0098.
DEBUG 8: Correcting the OBS temperature from 263.923 to 259.696 for forecast (2604.33) minus observation (2173) elevation difference of 431.334 and lapse rate value of 0.0098.
DEBUG 8: Correcting the OBS temperature from 278.063 to 277.976 for forecast (654.854) minus observation (646) elevation difference of 8.85423 and lapse rate value of 0.0098.
DEBUG 8: Correcting the OBS temperature from 269.245 to 265.339 for forecast (1830.51) minus observation (1432) elevation difference of 398.508 and lapse rate value of 0.0098.
DEBUG 8: Correcting the OBS temperature from 281.516 to 281.582 for forecast (101.253) minus observation (108) elevation difference of -6.74717 and lapse rate value of 0.0098.
DEBUG 8: Correcting the OBS temperature from 276.122 to 276.093 for forecast (775.896) minus observation (773) elevation difference of 2.8964 and lapse rate value of 0.0098.
DEBUG 8: Correcting the OBS temperature from 277.122 to 277.093 for forecast (775.896) minus observation (773) elevation difference of 2.8964 and lapse rate value of 0.0098.
DEBUG 8: Correcting the OBS temperature from 276.017 to 275.584 for forecast (712.201) minus observation (668) elevation difference of 44.2007 and lapse rate value of 0.0098.
DEBUG 8: Correcting the OBS temperature from 273.059 to 272.969 for forecast (1064.24) minus observation (1055) elevation difference of 9.24469 and lapse rate value of 0.0098.
DEBUG 8: Correcting the OBS temperature from 274.059 to 273.969 for forecast (1064.24) minus observation (1055) elevation difference of 9.24469 and lapse rate value of 0.0098.
DEBUG 8: Correcting the OBS temperature from 279.141 to 278.431 for forecast (186.391) minus observation (114) elevation difference of 72.3907 and lapse rate value of 0.0098.
DEBUG 8: Correcting the OBS temperature from 262.976 to 259.501 for forecast (2334.52) minus observation (1980) elevation difference of 354.519 and lapse rate value of 0.0098.
DEBUG 8: Correcting the OBS temperature from 272.634 to 272.719 for forecast (929.387) minus observation (938) elevation difference of -8.61339 and lapse rate value of 0.0098.
DEBUG 8: Correcting the OBS temperature from 282.946 to 282.741 for forecast (27.8497) minus observation (7) elevation difference of 20.8497 and lapse rate value of 0.0098.
DEBUG 8: Correcting the OBS temperature from 275.209 to 273.968 for forecast (551.639) minus observation (425) elevation difference of 126.639 and lapse rate value of 0.0098.
DEBUG 8: Correcting the OBS temperature from 284.201 to 284.652 for forecast (53.9755) minus observation (100) elevation difference of -46.0245 and lapse rate value of 0.0098.
DEBUG 8: Correcting the OBS temperature from 273.238 to 271.326 for forecast (400.085) minus observation (205) elevation difference of 195.085 and lapse rate value of 0.0098.
DEBUG 8: Correcting the OBS temperature from 273.238 to 271.326 for forecast (400.085) minus observation (205) elevation difference of 195.085 and lapse rate value of 0.0098.
DEBUG 8: Correcting the OBS temperature from 281.866 to 279.982 for forecast (779.263) minus observation (587) elevation difference of 192.263 and lapse rate value of 0.0098.
DEBUG 8: Correcting the OBS temperature from 278.804 to 278.359 for forecast (747.471) minus observation (702) elevation difference of 45.4714 and lapse rate value of 0.0098.
DEBUG 8: Correcting the OBS temperature from 284.946 to 285.141 for forecast (729.034) minus observation (749) elevation difference of -19.9657 and lapse rate value of 0.0098.
DEBUG 8: Correcting the OBS temperature from 285.671 to 284.291 for forecast (804.745) minus observation (664) elevation difference of 140.745 and lapse rate value of 0.0098.
DEBUG 8: Correcting the OBS temperature from 279.311 to 279.472 for forecast (40.5773) minus observation (57) elevation difference of -16.4227 and lapse rate value of 0.0098.
DEBUG 8: Correcting the OBS temperature from 266.989 to 263.628 for forecast (2251.95) minus observation (1909) elevation difference of 342.947 and lapse rate value of 0.0098.
DEBUG 8: Correcting the OBS temperature from 277.122 to 277.093 for forecast (775.896) minus observation (773) elevation difference of 2.8964 and lapse rate value of 0.0098.
DEBUG 8: Correcting the OBS temperature from 273.059 to 272.969 for forecast (1064.24) minus observation (1055) elevation difference of 9.24469 and lapse rate value of 0.0098.
DEBUG 8: Correcting the OBS temperature from 290.382 to 290.414 for forecast (61.7106) minus observation (65) elevation difference of -3.28943 and lapse rate value of 0.0098.
DEBUG 8: Correcting the OBS temperature from 281.712 to 281.974 for forecast (101.266) minus observation (128) elevation difference of -26.734 and lapse rate value of 0.0098.
DEBUG 8: Correcting the OBS temperature from 293.314 to 297.877 for forecast (22.3333) minus observation (488) elevation difference of -465.667 and lapse rate value of 0.0098.
DEBUG 8: Correcting the OBS temperature from 275.043 to 273.635 for forecast (306.62) minus observation (163) elevation difference of 143.62 and lapse rate value of 0.0098.
DEBUG 8: Correcting the OBS temperature from 283.728 to 283.706 for forecast (21.2687) minus observation (19) elevation difference of 2.2687 and lapse rate value of 0.0098.
DEBUG 8: Correcting the OBS temperature from 283.884 to 284.017 for forecast (18.3757) minus observation (32) elevation difference of -13.6243 and lapse rate value of 0.0098.
DEBUG 8: Correcting the OBS temperature from 273.376 to 276.602 for forecast (1728.84) minus observation (2058) elevation difference of -329.162 and lapse rate value of 0.0098.
DEBUG 8: Correcting the OBS temperature from 273.376 to 276.602 for forecast (1728.84) minus observation (2058) elevation difference of -329.162 and lapse rate value of 0.0098.
DEBUG 8: Correcting the OBS temperature from 284.067 to 282.783 for forecast (756.964) minus observation (626) elevation difference of 130.964 and lapse rate value of 0.0098.
DEBUG 8: Correcting the OBS temperature from 273.238 to 271.326 for forecast (400.085) minus observation (205) elevation difference of 195.085 and lapse rate value of 0.0098.
DEBUG 8: Correcting the OBS temperature from 279.322 to 279.394 for forecast (69.6357) minus observation (77) elevation difference of -7.36433 and lapse rate value of 0.0098.
DEBUG 8: Correcting the OBS temperature from 277.225 to 276.3 for forecast (95.3984) minus observation (1) elevation difference of 94.3984 and lapse rate value of 0.0098.
DEBUG 8: Correcting the OBS temperature from 278.225 to 277.3 for forecast (95.3984) minus observation (1) elevation difference of 94.3984 and lapse rate value of 0.0098.
DEBUG 8: Correcting the OBS temperature from 277.376 to 276.602 for forecast (88.9592) minus observation (10) elevation difference of 78.9592 and lapse rate value of 0.0098.
DEBUG 8: Correcting the OBS temperature from 277.353 to 276.557 for forecast (109.296) minus observation (28) elevation difference of 81.2958 and lapse rate value of 0.0098.
DEBUG 8: Correcting the OBS temperature from 277.353 to 276.557 for forecast (109.296) minus observation (28) elevation difference of 81.2958 and lapse rate value of 0.0098.
DEBUG 8: Correcting the OBS temperature from 263.109 to 257.469 for forecast (2642.58) minus observation (2067) elevation difference of 575.582 and lapse rate value of 0.0098.
DEBUG 8: Correcting the OBS temperature from 282.078 to 281.007 for forecast (182.347) minus observation (73) elevation difference of 109.347 and lapse rate value of 0.0098.
DEBUG 8: Correcting the OBS temperature from 283.078 to 282.007 for forecast (182.347) minus observation (73) elevation difference of 109.347 and lapse rate value of 0.0098.
DEBUG 8: Correcting the OBS temperature from 275.061 to 274.171 for forecast (1337.75) minus observation (1247) elevation difference of 90.7522 and lapse rate value of 0.0098.
DEBUG 8: Correcting the OBS temperature from 285.291 to 285.731 for forecast (84.0405) minus observation (129) elevation difference of -44.9595 and lapse rate value of 0.0098.
DEBUG 8: Correcting the OBS temperature from 275.814 to 274.579 for forecast (150.072) minus observation (24) elevation difference of 126.072 and lapse rate value of 0.0098.
DEBUG 8: Correcting the OBS temperature from 282.126 to 282.101 for forecast (13.4988) minus observation (11) elevation difference of 2.49883 and lapse rate value of 0.0098.
DEBUG 8: Correcting the OBS temperature from 283.935 to 283.62 for forecast (61.1372) minus observation (29) elevation difference of 32.1372 and lapse rate value of 0.0098.
DEBUG 8: Correcting the OBS temperature from 277.997 to 278.045 for forecast (464.167) minus observation (469) elevation difference of -4.83295 and lapse rate value of 0.0098.
DEBUG 8: Correcting the OBS temperature from 283.072 to 282.994 for forecast (63.958) minus observation (56) elevation difference of 7.95801 and lapse rate value of 0.0098.
DEBUG 8: Correcting the OBS temperature from 273.376 to 276.602 for forecast (1728.84) minus observation (2058) elevation difference of -329.162 and lapse rate value of 0.0098.
DEBUG 8: Correcting the OBS temperature from 275.174 to 272.797 for forecast (245.487) minus observation (3) elevation difference of 242.487 and lapse rate value of 0.0098.
DEBUG 8: Correcting the OBS temperature from 287.589 to 286.828 for forecast (1038.67) minus observation (961) elevation difference of 77.6706 and lapse rate value of 0.0098.
DEBUG 8: Correcting the OBS temperature from 280.271 to 279.092 for forecast (816.298) minus observation (696) elevation difference of 120.298 and lapse rate value of 0.0098.
DEBUG 8: Correcting the OBS temperature from 274.852 to 272.555 for forecast (304.461) minus observation (70) elevation difference of 234.461 and lapse rate value of 0.0098.
DEBUG 8: Correcting the OBS temperature from 277.225 to 276.3 for forecast (95.3984) minus observation (1) elevation difference of 94.3984 and lapse rate value of 0.0098.
DEBUG 8: Correcting the OBS temperature from 279.353 to 278.557 for forecast (109.296) minus observation (28) elevation difference of 81.2958 and lapse rate value of 0.0098.
DEBUG 8: Correcting the OBS temperature from 284.078 to 283.007 for forecast (182.347) minus observation (73) elevation difference of 109.347 and lapse rate value of 0.0098.
DEBUG 8: Correcting the OBS temperature from 273.276 to 271.203 for forecast (1018.6) minus observation (807) elevation difference of 211.604 and lapse rate value of 0.0098.
DEBUG 8: Correcting the OBS temperature from 284.341 to 283.833 for forecast (67.9073) minus observation (16) elevation difference of 51.9073 and lapse rate value of 0.0098.
DEBUG 8: Correcting the OBS temperature from 281.126 to 281.101 for forecast (13.4988) minus observation (11) elevation difference of 2.49883 and lapse rate value of 0.0098.
DEBUG 8: Correcting the OBS temperature from 281.126 to 281.101 for forecast (13.4988) minus observation (11) elevation difference of 2.49883 and lapse rate value of 0.0098.
DEBUG 8: Correcting the OBS temperature from 276.982 to 276.413 for forecast (773.006) minus observation (715) elevation difference of 58.0065 and lapse rate value of 0.0098.
DEBUG 8: Correcting the OBS temperature from 284.637 to 281.125 for forecast (570.426) minus observation (212) elevation difference of 358.426 and lapse rate value of 0.0098.
DEBUG 8: Correcting the OBS temperature from 284.409 to 284.667 for forecast (644.609) minus observation (671) elevation difference of -26.3912 and lapse rate value of 0.0098.
DEBUG 8: Correcting the OBS temperature from 283.409 to 283.667 for forecast (644.609) minus observation (671) elevation difference of -26.3912 and lapse rate value of 0.0098.
DEBUG 8: Correcting the OBS temperature from 272.852 to 270.555 for forecast (304.461) minus observation (70) elevation difference of 234.461 and lapse rate value of 0.0098.
DEBUG 8: Correcting the OBS temperature from 272.852 to 270.555 for forecast (304.461) minus observation (70) elevation difference of 234.461 and lapse rate value of 0.0098.
DEBUG 8: Correcting the OBS temperature from 277.729 to 276.708 for forecast (153.17) minus observation (49) elevation difference of 104.17 and lapse rate value of 0.0098.
DEBUG 8: Correcting the OBS temperature from 281.069 to 281.188 for forecast (-4.14868) minus observation (8) elevation difference of -12.1487 and lapse rate value of 0.0098.
DEBUG 8: Correcting the OBS temperature from 275.666 to 275.383 for forecast (1227.94) minus observation (1199) elevation difference of 28.9394 and lapse rate value of 0.0098.
DEBUG 8: Correcting the OBS temperature from 272.176 to 270.602 for forecast (1725.59) minus observation (1565) elevation difference of 160.59 and lapse rate value of 0.0098.
DEBUG 8: Correcting the OBS temperature from 284.991 to 284.633 for forecast (45.5918) minus observation (9) elevation difference of 36.5918 and lapse rate value of 0.0098.
DEBUG 8: Correcting the OBS temperature from 275.945 to 275.44 for forecast (752.533) minus observation (701) elevation difference of 51.5329 and lapse rate value of 0.0098.
DEBUG 8: Correcting the OBS temperature from 278.534 to 276.918 for forecast (1013.92) minus observation (849) elevation difference of 164.922 and lapse rate value of 0.0098.
DEBUG 8: Correcting the OBS temperature from 276.534 to 274.918 for forecast (1013.92) minus observation (849) elevation difference of 164.922 and lapse rate value of 0.0098.
DEBUG 8: Correcting the OBS temperature from 283.637 to 280.125 for forecast (570.426) minus observation (212) elevation difference of 358.426 and lapse rate value of 0.0098.
DEBUG 8: Correcting the OBS temperature from 284.409 to 284.667 for forecast (644.609) minus observation (671) elevation difference of -26.3912 and lapse rate value of 0.0098.
DEBUG 8: Correcting the OBS temperature from 281.461 to 281.772 for forecast (57.2762) minus observation (89) elevation difference of -31.7238 and lapse rate value of 0.0098.
DEBUG 8: Correcting the OBS temperature from 280.461 to 280.772 for forecast (57.2762) minus observation (89) elevation difference of -31.7238 and lapse rate value of 0.0098.
DEBUG 8: Correcting the OBS temperature from 276.719 to 274.588 for forecast (1172.42) minus observation (955) elevation difference of 217.425 and lapse rate value of 0.0098.
DEBUG 8: Correcting the OBS temperature from 282.865 to 282.579 for forecast (34.1201) minus observation (5) elevation difference of 29.1201 and lapse rate value of 0.0098.
DEBUG 8: Correcting the OBS temperature from 279.927 to 278.905 for forecast (111.343) minus observation (7) elevation difference of 104.343 and lapse rate value of 0.0098.
DEBUG 8: Correcting the OBS temperature from 278.408 to 276.967 for forecast (185.111) minus observation (38) elevation difference of 147.111 and lapse rate value of 0.0098.
DEBUG 8: Correcting the OBS temperature from 281.065 to 281.18 for forecast (-3.73513) minus observation (8) elevation difference of -11.7351 and lapse rate value of 0.0098.
DEBUG 8: Correcting the OBS temperature from 280.101 to 280.052 for forecast (25.9846) minus observation (21) elevation difference of 4.98465 and lapse rate value of 0.0098.
DEBUG 8: Correcting the OBS temperature from 280.101 to 280.052 for forecast (25.9846) minus observation (21) elevation difference of 4.98465 and lapse rate value of 0.0098.
DEBUG 8: Correcting the OBS temperature from 282.113 to 281.676 for forecast (78.6087) minus observation (34) elevation difference of 44.6087 and lapse rate value of 0.0098.
DEBUG 8: Correcting the OBS temperature from 273.008 to 269.567 for forecast (1692.18) minus observation (1341) elevation difference of 351.178 and lapse rate value of 0.0098.
DEBUG 8: Correcting the OBS temperature from 272.204 to 270.657 for forecast (1490.79) minus observation (1333) elevation difference of 157.79 and lapse rate value of 0.0098.
DEBUG 8: Correcting the OBS temperature from 275.878 to 274.206 for forecast (575.599) minus observation (405) elevation difference of 170.599 and lapse rate value of 0.0098.
DEBUG 8: Correcting the OBS temperature from 276.458 to 275.866 for forecast (1325.39) minus observation (1265) elevation difference of 60.3908 and lapse rate value of 0.0098.
DEBUG 8: Correcting the OBS temperature from 280.697 to 281.544 for forecast (1147.58) minus observation (1234) elevation difference of -86.4164 and lapse rate value of 0.0098.
DEBUG 8: Correcting the OBS temperature from 277.091 to 276.632 for forecast (55.8244) minus observation (9) elevation difference of 46.8244 and lapse rate value of 0.0098.
DEBUG 8: Correcting the OBS temperature from 279.641 to 278.932 for forecast (270.352) minus observation (198) elevation difference of 72.3521 and lapse rate value of 0.0098.
DEBUG 8: Correcting the OBS temperature from 281.481 to 279.813 for forecast (406.276) minus observation (236) elevation difference of 170.276 and lapse rate value of 0.0098.
DEBUG 8: Correcting the OBS temperature from 279.091 to 278.331 for forecast (100.479) minus observation (23) elevation difference of 77.4794 and lapse rate value of 0.0098.
DEBUG 8: Correcting the OBS temperature from 277.534 to 275.918 for forecast (1013.92) minus observation (849) elevation difference of 164.922 and lapse rate value of 0.0098.
DEBUG 8: Correcting the OBS temperature from 283.085 to 283.02 for forecast (156.646) minus observation (150) elevation difference of 6.64619 and lapse rate value of 0.0098.
DEBUG 8: Correcting the OBS temperature from 281.876 to 280.702 for forecast (689.773) minus observation (570) elevation difference of 119.773 and lapse rate value of 0.0098.
DEBUG 8: Correcting the OBS temperature from 280.461 to 280.772 for forecast (57.2762) minus observation (89) elevation difference of -31.7238 and lapse rate value of 0.0098.
DEBUG 8: Correcting the OBS temperature from 266.972 to 260.193 for forecast (1954.66) minus observation (1263) elevation difference of 691.665 and lapse rate value of 0.0098.
DEBUG 8: Correcting the OBS temperature from 280.069 to 278.688 for forecast (152.907) minus observation (12) elevation difference of 140.907 and lapse rate value of 0.0098.
DEBUG 8: Correcting the OBS temperature from 282.736 to 282.923 for forecast (10.9788) minus observation (30) elevation difference of -19.0212 and lapse rate value of 0.0098.
DEBUG 8: Correcting the OBS temperature from 279.079 to 277.807 for forecast (143.724) minus observation (14) elevation difference of 129.724 and lapse rate value of 0.0098.
DEBUG 8: Correcting the OBS temperature from 277.28 to 275.811 for forecast (270.964) minus observation (121) elevation difference of 149.964 and lapse rate value of 0.0098.
DEBUG 8: Correcting the OBS temperature from 280.408 to 279.666 for forecast (78.694) minus observation (3) elevation difference of 75.694 and lapse rate value of 0.0098.
DEBUG 8: Correcting the OBS temperature from 280.708 to 279.966 for forecast (78.694) minus observation (3) elevation difference of 75.694 and lapse rate value of 0.0098.
DEBUG 8: Correcting the OBS temperature from 280.408 to 279.666 for forecast (78.694) minus observation (3) elevation difference of 75.694 and lapse rate value of 0.0098.
DEBUG 8: Correcting the OBS temperature from 279.101 to 279.052 for forecast (25.9846) minus observation (21) elevation difference of 4.98465 and lapse rate value of 0.0098.
DEBUG 8: Correcting the OBS temperature from 281.263 to 281.376 for forecast (11.4622) minus observation (23) elevation difference of -11.5378 and lapse rate value of 0.0098.
DEBUG 8: Correcting the OBS temperature from 280.263 to 280.376 for forecast (11.4622) minus observation (23) elevation difference of -11.5378 and lapse rate value of 0.0098.
DEBUG 8: Correcting the OBS temperature from 271.077 to 270.104 for forecast (1289.28) minus observation (1190) elevation difference of 99.284 and lapse rate value of 0.0098.
DEBUG 8: Correcting the OBS temperature from 275.845 to 273.54 for forecast (952.222) minus observation (717) elevation difference of 235.222 and lapse rate value of 0.0098.
DEBUG 8: Correcting the OBS temperature from 275.845 to 273.54 for forecast (952.222) minus observation (717) elevation difference of 235.222 and lapse rate value of 0.0098.
DEBUG 8: Correcting the OBS temperature from 272.582 to 270.015 for forecast (1882) minus observation (1620) elevation difference of 262.003 and lapse rate value of 0.0098.
DEBUG 8: Correcting the OBS temperature from 272.582 to 270.015 for forecast (1882) minus observation (1620) elevation difference of 262.003 and lapse rate value of 0.0098.
DEBUG 8: Correcting the OBS temperature from 281.044 to 279.537 for forecast (1027.71) minus observation (874) elevation difference of 153.708 and lapse rate value of 0.0098.
DEBUG 8: Correcting the OBS temperature from 273.468 to 272.685 for forecast (1350.84) minus observation (1271) elevation difference of 79.8401 and lapse rate value of 0.0098.
DEBUG 8: Correcting the OBS temperature from 275.019 to 274.889 for forecast (753.322) minus observation (740) elevation difference of 13.3221 and lapse rate value of 0.0098.
DEBUG 8: Correcting the OBS temperature from 276.019 to 275.889 for forecast (753.322) minus observation (740) elevation difference of 13.3221 and lapse rate value of 0.0098.
DEBUG 8: Correcting the OBS temperature from 281.844 to 281.537 for forecast (183.258) minus observation (152) elevation difference of 31.2575 and lapse rate value of 0.0098.
DEBUG 8: Correcting the OBS temperature from 283.158 to 283.165 for forecast (159.229) minus observation (160) elevation difference of -0.771281 and lapse rate value of 0.0098.
DEBUG 8: Correcting the OBS temperature from 275.187 to 273.923 for forecast (930.928) minus observation (802) elevation difference of 128.928 and lapse rate value of 0.0098.
DEBUG 8: Correcting the OBS temperature from 279.639 to 279.127 for forecast (928.174) minus observation (876) elevation difference of 52.1741 and lapse rate value of 0.0098.
DEBUG 8: Correcting the OBS temperature from 279.639 to 279.127 for forecast (928.174) minus observation (876) elevation difference of 52.1741 and lapse rate value of 0.0098.
DEBUG 8: Correcting the OBS temperature from 276.837 to 276.124 for forecast (145.737) minus observation (73) elevation difference of 72.7368 and lapse rate value of 0.0098.
DEBUG 8: Correcting the OBS temperature from 277.768 to 277.387 for forecast (173.944) minus observation (135) elevation difference of 38.9443 and lapse rate value of 0.0098.
DEBUG 8: Correcting the OBS temperature from 276.768 to 276.387 for forecast (173.944) minus observation (135) elevation difference of 38.9443 and lapse rate value of 0.0098.
DEBUG 8: Correcting the OBS temperature from 277.159 to 275.068 for forecast (239.366) minus observation (26) elevation difference of 213.366 and lapse rate value of 0.0098.
DEBUG 8: Correcting the OBS temperature from 278.084 to 278.017 for forecast (26.7829) minus observation (20) elevation difference of 6.78288 and lapse rate value of 0.0098.
DEBUG 8: Correcting the OBS temperature from 279.084 to 279.017 for forecast (26.7829) minus observation (20) elevation difference of 6.78288 and lapse rate value of 0.0098.
DEBUG 8: Correcting the OBS temperature from 280.287 to 279.424 for forecast (89.0534) minus observation (1) elevation difference of 88.0534 and lapse rate value of 0.0098.
DEBUG 8: Correcting the OBS temperature from 280.287 to 279.424 for forecast (89.0534) minus observation (1) elevation difference of 88.0534 and lapse rate value of 0.0098.
DEBUG 8: Correcting the OBS temperature from 280.263 to 280.376 for forecast (11.4622) minus observation (23) elevation difference of -11.5378 and lapse rate value of 0.0098.
DEBUG 8: Correcting the OBS temperature from 281.263 to 281.376 for forecast (11.4622) minus observation (23) elevation difference of -11.5378 and lapse rate value of 0.0098.
DEBUG 8: Correcting the OBS temperature from 283.213 to 284.376 for forecast (1492.32) minus observation (1611) elevation difference of -118.676 and lapse rate value of 0.0098.
DEBUG 8: Correcting the OBS temperature from 266.315 to 263.479 for forecast (2087.33) minus observation (1798) elevation difference of 289.334 and lapse rate value of 0.0098.
DEBUG 8: Correcting the OBS temperature from 266.315 to 263.479 for forecast (2087.33) minus observation (1798) elevation difference of 289.334 and lapse rate value of 0.0098.
DEBUG 8: Correcting the OBS temperature from 275.845 to 273.54 for forecast (952.222) minus observation (717) elevation difference of 235.222 and lapse rate value of 0.0098.
DEBUG 8: Correcting the OBS temperature from 270.117 to 265.384 for forecast (1562.94) minus observation (1080) elevation difference of 482.938 and lapse rate value of 0.0098.
DEBUG 8: Correcting the OBS temperature from 272.582 to 270.015 for forecast (1882) minus observation (1620) elevation difference of 262.003 and lapse rate value of 0.0098.
DEBUG 8: Correcting the OBS temperature from 276.019 to 275.889 for forecast (753.322) minus observation (740) elevation difference of 13.3221 and lapse rate value of 0.0098.
DEBUG 8: Correcting the OBS temperature from 285.193 to 284.236 for forecast (119.637) minus observation (22) elevation difference of 97.637 and lapse rate value of 0.0098.
DEBUG 8: Correcting the OBS temperature from 287.898 to 287.646 for forecast (146.733) minus observation (121) elevation difference of 25.7335 and lapse rate value of 0.0098.
DEBUG 8: Correcting the OBS temperature from 282.483 to 280.115 for forecast (277.557) minus observation (36) elevation difference of 241.557 and lapse rate value of 0.0098.
DEBUG 8: Correcting the OBS temperature from 278.639 to 278.127 for forecast (928.174) minus observation (876) elevation difference of 52.1741 and lapse rate value of 0.0098.
DEBUG 8: Correcting the OBS temperature from 289.53 to 288.71 for forecast (385.693) minus observation (302) elevation difference of 83.6928 and lapse rate value of 0.0098.
DEBUG 8: Correcting the OBS temperature from 273.269 to 272.289 for forecast (355.067) minus observation (255) elevation difference of 100.067 and lapse rate value of 0.0098.
DEBUG 8: Correcting the OBS temperature from 277.768 to 277.387 for forecast (173.944) minus observation (135) elevation difference of 38.9443 and lapse rate value of 0.0098.
DEBUG 8: Correcting the OBS temperature from 278.084 to 278.017 for forecast (26.7829) minus observation (20) elevation difference of 6.78288 and lapse rate value of 0.0098.
DEBUG 8: Correcting the OBS temperature from 280.287 to 279.424 for forecast (89.0534) minus observation (1) elevation difference of 88.0534 and lapse rate value of 0.0098.
DEBUG 8: Correcting the OBS temperature from 279.287 to 278.424 for forecast (89.0534) minus observation (1) elevation difference of 88.0534 and lapse rate value of 0.0098.
DEBUG 8: Correcting the OBS temperature from 280.213 to 279.976 for forecast (43.1589) minus observation (19) elevation difference of 24.1589 and lapse rate value of 0.0098.
DEBUG 8: Correcting the OBS temperature from 265.315 to 262.479 for forecast (2087.33) minus observation (1798) elevation difference of 289.334 and lapse rate value of 0.0098.
DEBUG 8: Correcting the OBS temperature from 277.643 to 276.036 for forecast (323.973) minus observation (160) elevation difference of 163.973 and lapse rate value of 0.0098.
DEBUG 8: Correcting the OBS temperature from 281.717 to 281.283 for forecast (48.2148) minus observation (4) elevation difference of 44.2148 and lapse rate value of 0.0098.
DEBUG 8: Correcting the OBS temperature from 286.646 to 286.842 for forecast (-6.98568) minus observation (13) elevation difference of -19.9857 and lapse rate value of 0.0098.
DEBUG 8: Correcting the OBS temperature from 281.59 to 281.131 for forecast (73.908) minus observation (27) elevation difference of 46.908 and lapse rate value of 0.0098.
DEBUG 8: Correcting the OBS temperature from 287.099 to 281.047 for forecast (758.499) minus observation (141) elevation difference of 617.499 and lapse rate value of 0.0098.
DEBUG 8: Correcting the OBS temperature from 281.965 to 281.38 for forecast (112.697) minus observation (53) elevation difference of 59.6966 and lapse rate value of 0.0098.
DEBUG 8: Correcting the OBS temperature from 284.255 to 283.66 for forecast (347.738) minus observation (287) elevation difference of 60.7377 and lapse rate value of 0.0098.
DEBUG 8: Correcting the OBS temperature from 278.899 to 277.948 for forecast (871.045) minus observation (774) elevation difference of 97.0453 and lapse rate value of 0.0098.
DEBUG 8: Correcting the OBS temperature from 276.1 to 275.05 for forecast (134.157) minus observation (27) elevation difference of 107.157 and lapse rate value of 0.0098.
DEBUG 8: Correcting the OBS temperature from 276.1 to 275.05 for forecast (134.157) minus observation (27) elevation difference of 107.157 and lapse rate value of 0.0098.
DEBUG 8: Correcting the OBS temperature from 283.912 to 284.073 for forecast (83.517) minus observation (100) elevation difference of -16.483 and lapse rate value of 0.0098.
DEBUG 8: Correcting the OBS temperature from 277.393 to 276.635 for forecast (112.28) minus observation (35) elevation difference of 77.2805 and lapse rate value of 0.0098.
DEBUG 8: Correcting the OBS temperature from 268.527 to 266.104 for forecast (2156.22) minus observation (1909) elevation difference of 247.225 and lapse rate value of 0.0098.
DEBUG 8: Correcting the OBS temperature from 281.534 to 280.919 for forecast (99.8175) minus observation (37) elevation difference of 62.8175 and lapse rate value of 0.0098.
DEBUG 8: Correcting the OBS temperature from 280.534 to 279.919 for forecast (99.8175) minus observation (37) elevation difference of 62.8175 and lapse rate value of 0.0098.
DEBUG 8: Correcting the OBS temperature from 283.378 to 284.605 for forecast (341.736) minus observation (467) elevation difference of -125.264 and lapse rate value of 0.0098.
DEBUG 8: Correcting the OBS temperature from 285.378 to 286.605 for forecast (341.736) minus observation (467) elevation difference of -125.264 and lapse rate value of 0.0098.
DEBUG 8: Correcting the OBS temperature from 280.713 to 279.376 for forecast (202.426) minus observation (66) elevation difference of 136.426 and lapse rate value of 0.0098.
DEBUG 8: Correcting the OBS temperature from 281.342 to 280.634 for forecast (89.2412) minus observation (17) elevation difference of 72.2412 and lapse rate value of 0.0098.
DEBUG 8: Correcting the OBS temperature from 288.566 to 288.981 for forecast (-25.4011) minus observation (17) elevation difference of -42.4011 and lapse rate value of 0.0098.
DEBUG 8: Correcting the OBS temperature from 276.1 to 275.05 for forecast (134.157) minus observation (27) elevation difference of 107.157 and lapse rate value of 0.0098.
DEBUG 8: Correcting the OBS temperature from 278.598 to 279.046 for forecast (66.2673) minus observation (112) elevation difference of -45.7327 and lapse rate value of 0.0098.
DEBUG 8: Correcting the OBS temperature from 284.482 to 286.414 for forecast (1181.86) minus observation (1379) elevation difference of -197.142 and lapse rate value of 0.0098.
DEBUG 8: Correcting the OBS temperature from 273.899 to 271.847 for forecast (273.324) minus observation (64) elevation difference of 209.324 and lapse rate value of 0.0098.
DEBUG 8: Correcting the OBS temperature from 287.361 to 285.972 for forecast (857.754) minus observation (716) elevation difference of 141.754 and lapse rate value of 0.0098.
DEBUG 8: Correcting the OBS temperature from 280.534 to 279.919 for forecast (99.8175) minus observation (37) elevation difference of 62.8175 and lapse rate value of 0.0098.
DEBUG 8: Correcting the OBS temperature from 285.378 to 286.605 for forecast (341.736) minus observation (467) elevation difference of -125.264 and lapse rate value of 0.0098.
DEBUG 8: Correcting the OBS temperature from 267.243 to 265.235 for forecast (1519.84) minus observation (1315) elevation difference of 204.842 and lapse rate value of 0.0098.
DEBUG 8: Correcting the OBS temperature from 281.684 to 282.218 for forecast (858.524) minus observation (913) elevation difference of -54.4763 and lapse rate value of 0.0098.
DEBUG 2: 
DEBUG 2: --------------------------------------------------------------------------------
DEBUG 2: 
DEBUG 2: Verifying against point observations.
DEBUG 2: Processing point verification TMP/Z2 versus TMP/Z2, for observation type ADPSFC, over region FULL, for interpolation method BILIN(4), using 219 matched pairs.
DEBUG 3: No reference observation climatology data provided.
DEBUG 2: Skipping 3 of 219 points due to missing ensemble values.
DEBUG 2: 
DEBUG 2: --------------------------------------------------------------------------------
DEBUG 2: 
DEBUG 1: Output file: /d1/personal/johnhg/MET/MET_development/met-12.2.0/rc1/MET-feature_3174_orography/internal/test_unit/../../test_output/ensemble_stat/ensemble_stat_LAPSE_RATE_MSL_AGL_20120410_000000V.stat
DEBUG 1: Output file: /d1/personal/johnhg/MET/MET_development/met-12.2.0/rc1/MET-feature_3174_orography/internal/test_unit/../../test_output/ensemble_stat/ensemble_stat_LAPSE_RATE_MSL_AGL_20120410_000000V_ecnt.txt
DEBUG 1: Output file: /d1/personal/johnhg/MET/MET_development/met-12.2.0/rc1/MET-feature_3174_orography/internal/test_unit/../../test_output/ensemble_stat/ensemble_stat_LAPSE_RATE_MSL_AGL_20120410_000000V_orank.txt
DEBUG 1: Finish ensemble_stat V12.1.0 by johnhg(6088) at 2025-09-19 20:57:15Z
